ูุนุฑู_ุงูููุดูุฑ,ุงูุชุงุฑูุฎ,ุงูููุช,ุงุณู_ุงููุณุชุฎุฏู,ุงููููุน,ูุฑุน,ููุน_ุงูููุดูุฑ,ูุต_ุงูููุดูุฑ,ุงููุณูู,ุนุฏุฏ_ุงูุฅุนุฌุงุจุงุช,ุนุฏุฏ_ุฅุนุงุฏุฉ_ุงููุดุฑ,ุนุฏุฏ_ุงูุชุนูููุงุช,ูุชุถูู_ุตูุฑ,ูุชุถูู_ููุฏูู,ุงููุบุฉ,ุชุฌุฑุจุฉ_ุงูุทูุจ,ูุฆุฉ_ุงูููุถูุน,ุงูุชุณููุฉ_ุงููุดุงุนุฑ,ุงูุดุฑุญ_ุงูุณุจุจ,ุฌูุฏุฉ_ุงูุทุนุงู,ุณุฑุนุฉ_ุงูุฎุฏูุฉ,ุงููุธุงูุฉ,ุงูุณุนุฑ,ุงูุฌู_ุงูุนุงู,ุฎุฏูุฉ_ุงูุชูุตูู,ุงูุฌูุงุฒ_ุงููุณุชุฎุฏู
XT25110231174,2025-11-02,12:55:00,ุตูุฑ,ุงูุฏูุญุฉ,ุฃุจูุธุจู-ุงูููุฑููุด,ุงูุชุจุงุณ,ุชุทุจูู ุงูุชูุตูู ูุฎุจุท ุงูุทูุจ ูู ูุทุนู ุงูุทูุจุ ููุญุฏ ุฑุฏ ุนูู ุงูุงุชุตุงูุงุช ๐ก,#ุบุฏุงุก #ุฃูู #ุงูุฏูุญุฉ #ุฃุฌูุงุก,47,4,3,ูุง,ูุนู,ุงูุนุฑุจูุฉ,ุณูุฑู,ุงูุฌู ุงูุนุงู,ุณูุจู,ุฅุฒุนุงุฌ ูุฒุญูุฉ ุจุฏูู ุชูุธูู,1,1,1,1,1,2,iPhone
XT25101136365,2025-10-11,17:33:00,ูุญูุฏ,ุฏุจู,ุฌุฏุฉ-ุงูุณูุงูุฉ,ุงูุชุจุงุณ,ุงูุฎุฏูุฉ ุทุจูุนูุฉ ูุงููุธุงูุฉ ุฌูุฏุฉุ ุงูููุจูุงุช ุงููุดููุฉ ูุญุชุงุฌ ุชุญุณูู ุจุณูุท. ๐ฅ,#ุฃูู #ุบุฏุงุก #ูุทุงุนู #ุนุดุงุก #ุฏุจู #ุญูุงู #ุฎุฏูุฉ,19,0,0,ูุง,ูุง,ุงูุนุฑุจูุฉ,ุณูุฑู,ุงูุฎุฏูุฉ,ูุญุงูุฏ,ุฎุฏูุฉ ุนุงุฏูุฉ,3,3,3,3,3,3,iPhone
XT25111041195,2025-11-10,10:14:00,ููููุฉ,ุฃุจูุธุจู,ุฏุจู-ุงูุฎูุฑ,ุฑุฏ,ูุทุนู ุงูุทูุจ ููุฏู ุฎูุงุฑุงุช ูุชููุนุฉ. ุงูุฃุณุนุงุฑ ูุชูุณุทุฉ. ๐,#ุชูููู #ุฃูู #ูุธุงูุฉ,6,1,0,ูุนู,ูุง,ุงูุนุฑุจูุฉ,ุณูุฑู,ุงููุธุงูุฉ,ูุญุงูุฏ,ูุธุงูุฉ ุฌูุฏุฉ ุฅุฌูุงููุง,3,3,3,3,3,3,iPhone
XT25102354473,2025-10-23,22:26:00,Bassam_A,ุชุจูู,ุงูุฑูุงุถ-ุงููุงุณููู,ุชุบุฑูุฏุฉ,ุฒุฑุช ูุทุนู ุงูุทูุจ ุงูููู. ุงูุดุงูุฑูุง ุนุงุฏู ูุงูุฎุฏูุฉ ููุจููุฉ. ๐,#ุชุฌุฑุจุฉ #ุงูุฃุณุนุงุฑ #ุญูุงู #ุชุจูู #ุงูุทูุจ,19,0,1,ูุนู,ูุง,ุงูุนุฑุจูุฉ,ุฏุงุฎู ุงููุทุนู,ุงูุฃุณุนุงุฑ,ูุญุงูุฏ,ุฃุณุนุงุฑ ูุชูุณุทุฉ,3,3,3,3,3,3,iPhone
XT25110473092,2025-11-04,09:05:00,ุดุงุฏู,ุชุจูู,ุฃุจูุธุจู-ุงูููุฑููุด,ุฑุฏ,ููุฃุณู ุงูุชุฌุฑุจุฉ ุณูุฆุฉ ุงูููู ูู ูุทุนู ุงูุทูุจ. ุชุฃุฎูุฑ ูุจูุฑ ูุงูุทูุจ ูุตู ุจุงุฑุฏ ๐,#ูุธุงูุฉ #ุบุฏุงุก #ุญูุงู #ุชูููู #ุชุจูู,53,4,6,ูุนู,ูุง,ุงูุนุฑุจูุฉ,ุณูุฑู,ุงููุธุงูุฉ,ุณูุจู,ุทุงููุงุช ุบูุฑ ูุธููุฉ,2,2,2,1,1,2,iPhone
XT25100434356,2025-10-04,10:37:00,ููุฑุฉ,ุงูุฑูุงุถ,ุงูุฏูุงู-ุงูุดุงุทุฆ,ุชุบุฑูุฏุฉ,ููุฃุณู ุงูุชุฌุฑุจุฉ ุณูุฆุฉ ุงูููู ูู ูุทุนู ุงูุทูุจ. ุชุฃุฎูุฑ ูุจูุฑ ูุงูุทูุจ ูุตู ุจุงุฑุฏ ๐,#ุชุฌุฑุจุฉ #ูุธุงูุฉ #ุบุฏุงุก #ุนุดุงุก #ูุทุนู_ุงูุทูุจ #ุงูุฑูุงุถ,42,2,5,ูุง,ูุนู,ุงูุนุฑุจูุฉ,ุชูุตูู,ุงููุธุงูุฉ,ุณูุจู,ุทุงููุงุช ุบูุฑ ูุธููุฉ,1,2,2,2,1,2,iPhone
XT25103023104,2025-10-30,19:59:00,ููุฑุฉ,ููุฉ,ุงูุฏูุงู-ุงูุดุงุทุฆ,ุชุบุฑูุฏุฉ,ุงูุฎุฏูุฉ ุทุจูุนูุฉ ูุงููุธุงูุฉ ุฌูุฏุฉุ ุงูููุจูุงุช ุงููุดููุฉ ูุญุชุงุฌ ุชุญุณูู ุจุณูุท.,#ูุทุนู_ุงูุทูุจ #ุญูุงู #ุนุดุงุก #ุชูููู #ุงูุฃุณุนุงุฑ #ุงูุทูุจ,6,0,3,ูุง,ูุง,ุงูุนุฑุจูุฉ,ุฏุงุฎู ุงููุทุนู,ุงูุฃุณุนุงุฑ,ูุญุงูุฏ,ุฃุณุนุงุฑ ูุชูุณุทุฉ,3,3,3,3,3,3,Android
XT25110325129,2025-11-03,09:42:00,Bassam_A,ุฏุจู,ุฏุจู-ุงูุฎูุฑ,ุงูุชุจุงุณ,ุฎุฏูุฉ ุฑุงููุฉ ูุงุจุชุณุงูุฉ ูู ุงูููุธููู ูู ูุทุนู ุงูุทูุจ. ุงููุจุงุจ ูุงู ููุชุงุฒ ๐,#ุฏุจู #ุชูููู #ุนุดุงุก #ุฃุฌูุงุก,57,4,6,ูุง,ูุนู,ุงูุนุฑุจูุฉ,ุฏุงุฎู ุงููุทุนู,ุงูุฌู ุงูุนุงู,ุฅูุฌุงุจู,ุฃุฌูุงุก ูุฑูุญุฉ ูููุณููู ูุงุฏุฆุฉ,5,5,5,4,4,5,Android
XT25101719862,2025-10-17,14:47:00,ููุง,ุงูุฑูุงุถ,ุงูุฏูุงู-ุงูุดุงุทุฆ,ุชุบุฑูุฏุฉ,ุฃูู ุฒูุงุฑุฉ ูู ูุทุนู ุงูุทูุจ ููุงูุช ููู ุงูุชููุนุงุช. ุงูุณูู ุงููุดูู ูุณุชุงูู ุงูุชุฌุฑุจุฉ ๐,#ุบุฏุงุก #ุฌูุฏุฉ_ุงูุทุนุงู #ุญูุงู #ุชูููู #ุงูุทูุจ #ุงูุฑูุงุถ,52,5,1,ูุนู,ูุง,ุงูุนุฑุจูุฉ,ุฏุงุฎู ุงููุทุนู,ุงูุทุนุงู,ุฅูุฌุงุจู,ุงูุทุนู ููุชุงุฒ ูุชุชุจููุฉ ูุชูุงุฒูุฉ,5,4,4,4,5,5,ููุจ
XT25101242527,2025-10-12,22:01:00,ููููุฉ,ุงูุฏูุญุฉ,ุงูุฑูุงุถ-ุงููุงุณููู,ุงูุชุจุงุณ,ุฃูู ุฒูุงุฑุฉ ูู ูุทุนู ุงูุทูุจ ููุงูุช ููู ุงูุชููุนุงุช. ุงูุดุงูุฑูุง ูุณุชุงูู ุงูุชุฌุฑุจุฉ ๐,#ุชุฌุฑุจุฉ #ุงูุฏูุญุฉ #ุฎุฏูุฉ #ูุทุงุนู,33,3,2,ูุง,ูุง,ุงูุนุฑุจูุฉ,ุฏุงุฎู ุงููุทุนู,ุงูุฎุฏูุฉ,ุฅูุฌุงุจู,ุชุนุงูู ูุญุชุฑู ูุณุฑุนุฉ ูู ุงูุงุณุชุฌุงุจุฉ,5,5,5,4,4,4,ููุจ
XT25101813617,2025-10-18,20:41:00,Bassam_A,ุงูุฎุจุฑ,ุฌุฏุฉ-ุงูุฑูุถุฉ,ุชุบุฑูุฏุฉ,ุงููุธุงูุฉ ุชุญุชุงุฌ ุชุญุณูู ูู ูุทุนู ุงูุทูุจุ ูุงูุทุนู ุนุงุฏู ุฌุฏูุง. ุงูุณูู ุงููุดูู ุฎูุจ ุงูุธู.,#ุชุฌุฑุจุฉ #ุงูุฃุณุนุงุฑ #ูุทุงุนู #ุนุดุงุก #ูุทุนู_ุงูุทูุจ #ุงูุฎุจุฑ,38,7,3,ูุนู,ูุง,ุงูุนุฑุจูุฉ,ุณูุฑู,ุงูุฃุณุนุงุฑ,ุณูุจู,ุงูุณุนุฑ ูุฑุชูุน ููุงุฑูุฉ ุจุงูุฌูุฏุฉ,2,1,2,1,2,1,ููุจ
XT25101349363,2025-10-13,20:27:00,ููุงุก,ุฃุจูุง,ุฌุฏุฉ-ุงูุฑูุถุฉ,ุงูุชุจุงุณ,ุชุทุจูู ุงูุชูุตูู ูุฎุจุท ุงูุทูุจ ูู ูุทุนู ุงูุทูุจุ ููุญุฏ ุฑุฏ ุนูู ุงูุงุชุตุงูุงุช ๐ก,#ุชุฌุฑุจุฉ #ุฃูู #ุฃุจูุง #ุบุฏุงุก #ุฌูุฏุฉ_ุงูุทุนุงู #ุญูุงู,11,2,1,ูุง,ูุนู,ุงูุนุฑุจูุฉ,ุณูุฑู,ุงูุทุนุงู,ุณูุจู,ุงูุทุนู ุจุงูุช ูุงููุฌุจุฉ ุจุงุฑุฏุฉ,2,1,2,2,1,2,Android
XT25103032241,2025-10-30,23:28:00,ููุฑุฉ,ุงูุฎุจุฑ,ุฌุฏุฉ-ุงูุฑูุถุฉ,ุงูุชุจุงุณ,ุฎุฏูุฉ ุฑุงููุฉ ูุงุจุชุณุงูุฉ ูู ุงูููุธููู ูู ูุทุนู ุงูุทูุจ. ุงูููุณู ูุงู ููุชุงุฒ ๐,#ุฃูู #ูุทุนู_ุงูุทูุจ #ุญูุงู #ุชูููู #ุงูุฃุณุนุงุฑ #ุงูุฎุจุฑ #ุงูุทูุจ,56,10,1,ูุนู,ูุง,ุงูุนุฑุจูุฉ,ุฏุงุฎู ุงููุทุนู,ุงูุฃุณุนุงุฑ,ุฅูุฌุงุจู,ูููุฉ ุฑุงุฆุนุฉ ููุงุจู ุงูุณุนุฑ,4,4,5,4,5,5,ููุจ
XT25100170889,2025-10-01,12:49:00,ุฃุจู_ุนูู,ุฃุจูุธุจู,ุงูุฏูุงู-ุงูุดุงุทุฆ,ุชุบุฑูุฏุฉ,ุฃุฌูุงุก ุงููุทุนู ูุฒุฏุญูุฉ ูููููุง. ุงูููุชููุดููู ูุงู ุฌูุฏ ุจุดูู ุนุงู. ๐,#ุชุฌุฑุจุฉ #ุฎุฏูุฉ #ุงูุทูุจ,19,0,0,ูุง,ูุง,ุงูุนุฑุจูุฉ,ุชูุตูู,ุงูุฎุฏูุฉ,ูุญุงูุฏ,ุฎุฏูุฉ ุนุงุฏูุฉ,3,3,3,3,3,3,ููุจ
XT25102942406,2025-10-29,02:28:00,ููููุฉ,ุงููุฏููุฉ,ุฃุจูุธุจู-ุงูููุฑููุด,ุงูุชุจุงุณ,ุฌูุณุงุช ูุฒุนุฌุฉ ูุตูุช ุนุงููุ ูุงูููุณู ูุงูุญ ุฃูุซุฑ ูู ุงููุงุฒู ูู ูุทุนู ุงูุทูุจ.,#ุชุฌุฑุจุฉ #ุบุฏุงุก #ุญูุงู #ุงููุฏููุฉ #ุชูููู #ุงูุฃุณุนุงุฑ,27,1,1,ูุนู,ูุง,ุงูุนุฑุจูุฉ,ุณูุฑู,ุงูุฃุณุนุงุฑ,ุณูุจู,ุงูุณุนุฑ ูุฑุชูุน ููุงุฑูุฉ ุจุงูุฌูุฏุฉ,2,2,1,1,1,1,Android
XT25110486556,2025-11-04,23:26:00,ุณุงุฑุฉ_ุงูุฑูุงุถ,ุงูุฏูุญุฉ,ุฃุจูุธุจู-ุงูููุฑููุด,ุงูุชุจุงุณ,ุชุฌุฑุจุฉ ุฑุงุฆุนุฉ ูู ูุทุนู ุงูุทูุจ! ุงูุดุงูุฑูุง ูุงู ูุฐูุฐ ุฌุฏูุง ูุงูุฎุฏูุฉ ุณุฑูุนุฉ ๐คฉ โจ,#ุชุฌุฑุจุฉ #ุงูุฏูุญุฉ #ุญูุงู #ุชูููู #ูุทุนู_ุงูุทูุจ #ุฎุฏูุฉ,25,3,1,ูุนู,ูุง,ุงูุนุฑุจูุฉ,ุณูุฑู,ุงูุฎุฏูุฉ,ุฅูุฌุงุจู,ุชุนุงูู ูุญุชุฑู ูุณุฑุนุฉ ูู ุงูุงุณุชุฌุงุจุฉ,4,5,4,5,5,5,iPhone
XT25101066179,2025-10-10,04:34:00,ููุง,ุฃุจูุง,ุฃุจูุธุจู-ุงูููุฑููุด,ุฑุฏ,ุงูุฎุฏูุฉ ุทุจูุนูุฉ ูุงููุธุงูุฉ ุฌูุฏุฉุ ุงูููุชููุดููู ูุญุชุงุฌ ุชุญุณูู ุจุณูุท. ๐,#ุฃุจูุง #ูุทุนู_ุงูุทูุจ #ุญูุงู #ุชูููู #ุชูุตูู,3,0,2,ูุนู,ูุง,ุงูุนุฑุจูุฉ,ุณูุฑู,ุงูุชูุตูู,ูุญุงูุฏ,ูุตู ูู ุงูููุช ุงููุชููุน,3,3,3,3,3,3,Android
XT25103118993,2025-10-31,09:47:00,ุฃุจู_ุนูู,ุฃุจูุง,ุฃุจูุธุจู-ุงูููุฑููุด,ุชุบุฑูุฏุฉ,ุฃุฌูุงุก ูุงุฏุฆุฉ ูุฃูู ููุชุญ ุงูููุณ ูู ูุทุนู ุงูุทูุจ. ุฃูุตุญ ุจู ุงูููุชููุดููู ๐,#ุฃุจูุง #ุบุฏุงุก #ูุทุงุนู #ุญูุงู #ุชูุตูู,54,11,4,ูุนู,ูุง,ุงูุนุฑุจูุฉ,ุฏุงุฎู ุงููุทุนู,ุงูุชูุตูู,ุฅูุฌุงุจู,ุงูุชูุตูู ุณุฑูุน ูุงูุชุบููู ูุญูู,5,4,4,5,5,5,iPhone
XT25100887607,2025-10-08,03:01:00,ูุงุณุฑ,ุฃุจูุธุจู,ุงูุฑูุงุถ-ุงูููุฒ,ุงูุชุจุงุณ,ูุง ุฃูุตุญ ุจู ูุทุนู ุงูุทูุจ ุงูููู. ุงูููุฏู ูุงู ุฏูู ุงููุณุชูู ูุงูุฎุฏูุฉ ุจุทูุฆุฉ ุฌุฏูุง.,#ูุธุงูุฉ #ูุทุงุนู #ุนุดุงุก #ุญูุงู #ุงูุทูุจ,36,4,0,ูุง,ูุนู,ุงูุนุฑุจูุฉ,ุณูุฑู,ุงููุธุงูุฉ,ุณูุจู,ุทุงููุงุช ุบูุฑ ูุธููุฉ,2,1,2,1,2,2,iPhone
XT25110487656,2025-11-04,05:17:00,ููููุฉ,ุฃุจูุง,ุฌุฏุฉ-ุงูุฑูุถุฉ,ุชุบุฑูุฏุฉ,ุงูุฃุณุนุงุฑ ููุงุณุจุฉ ููุงุจู ุงูุฌูุฏุฉ ูู ูุทุนู ุงูุทูุจ. ุฎุตูุตูุง ุงููุชูุด ๐ ๐,#ุบุฏุงุก #ุชูุตูู #ุนุดุงุก #ุฃุจูุง,70,8,3,ูุนู,ูุง,ุงูุนุฑุจูุฉ,ุชูุตูู,ุงูุชูุตูู,ุฅูุฌุงุจู,ุงูุชูุตูู ุณุฑูุน ูุงูุชุบููู ูุญูู,5,5,4,5,5,4,Android
XT25101963271,2025-10-19,02:00:00,ุฃูุณ,ุงูุฎุจุฑ,ุงูุฏูุงู-ุงูุดุงุทุฆ,ุชุบุฑูุฏุฉ,ุทูุจุช ุงููุจุงุจ ูู ูุทุนู ุงูุทูุจ. ุงูุชูุตูู ูู ุงูููุชุ ูุงูุทุนู ููุจูู. ๐ฏ,#ุชุฌุฑุจุฉ #ุฃูู #ุบุฏุงุก #ูุทุงุนู #ุญูุงู #ุชูุตูู #ุงูุฎุจุฑ,14,0,0,ูุนู,ูุง,ุงูุนุฑุจูุฉ,ุณูุฑู,ุงูุชูุตูู,ูุญุงูุฏ,ูุตู ูู ุงูููุช ุงููุชููุน,3,3,3,3,3,3,iPhone
XT25102556112,2025-10-25,00:35:00,ุญูุฏ,ุฃุจูุง,ุฌุฏุฉ-ุงูุฑูุถุฉ,ุฑุฏ,ุทูุจุช ุงูุดุงูุฑูุง ูู ูุทุนู ุงูุทูุจ. ุงูุชูุตูู ูู ุงูููุชุ ูุงูุทุนู ููุจูู.,#ุฃูู #ุฃุจูุง #ุบุฏุงุก #ุฃุฌูุงุก #ุญูุงู #ูุทุนู_ุงูุทูุจ,22,2,0,ูุง,ูุง,ุงูุนุฑุจูุฉ,ุชูุตูู,ุงูุฌู ุงูุนุงู,ูุญุงูุฏ,ุฃุฌูุงุก ูุชูุณุทุฉ,3,3,3,3,3,3,ููุจ
XT25110433519,2025-11-04,04:18:00,ูุญูุฏ,ุงูุฏูุงู,ุงูุฑูุงุถ-ุงูููุฒ,ุงูุชุจุงุณ,ุฌูุณุงุช ูุฒุนุฌุฉ ูุตูุช ุนุงููุ ูุงูุดุงูุฑูุง ูุงูุญ ุฃูุซุฑ ูู ุงููุงุฒู ูู ูุทุนู ุงูุทูุจ. ๐ฏ,#ุชุฌุฑุจุฉ #ุฃูู #ุชูููู #ูุทุนู_ุงูุทูุจ #ุฎุฏูุฉ #ุงูุฏูุงู,14,2,1,ูุนู,ูุง,ุงูุนุฑุจูุฉ,ุฏุงุฎู ุงููุทุนู,ุงูุฎุฏูุฉ,ุณูุจู,ุชุฃุฎูุฑ ูุงุถุญ ูุนุฏู ุงูุชูุงู,2,1,1,2,2,2,Android
XT25103192502,2025-10-31,12:52:00,ุฃุจู_ุนูู,ุงููุฏููุฉ,ุงูุฑูุงุถ-ุงููุงุณููู,ุชุบุฑูุฏุฉ,ุทูุจุช ุงููุจุณุฉ ูู ูุทุนู ุงูุทูุจ. ุงูุชูุตูู ูู ุงูููุชุ ูุงูุทุนู ููุจูู.,#ูุทุงุนู #ุงููุฏููุฉ #ุนุดุงุก #ูุทุนู_ุงูุทูุจ #ุฎุฏูุฉ #ุงูุทูุจ,10,0,1,ูุนู,ูุง,ุงูุนุฑุจูุฉ,ุชูุตูู,ุงูุฎุฏูุฉ,ูุญุงูุฏ,ุฎุฏูุฉ ุนุงุฏูุฉ,3,3,3,3,3,3,ููุจ
XT25102137659,2025-10-21,03:27:00,ููููุฉ,ุงูุฎุจุฑ,ุฏุจู-ุงูุฎูุฑ,ุชุบุฑูุฏุฉ,ุฃุฌูุงุก ุงููุทุนู ูุฒุฏุญูุฉ ูููููุง. ุงูููุชููุดููู ูุงู ุฌูุฏ ุจุดูู ุนุงู.,#ูุธุงูุฉ #ุบุฏุงุก #ุญูุงู #ุงูุฎุจุฑ #ุงูุทูุจ,12,5,1,ูุง,ูุง,ุงูุนุฑุจูุฉ,ุณูุฑู,ุงููุธุงูุฉ,ูุญุงูุฏ,ูุธุงูุฉ ุฌูุฏุฉ ุฅุฌูุงููุง,3,3,3,3,3,3,Android
XT25102091927,2025-10-20,07:55:00,ูุงุฏุฑ,ุงูุฏูุญุฉ,ุฏุจู-ุงูุฎูุฑ,ุชุบุฑูุฏุฉ,ุทูุจุช ุงููุชูุด ูู ูุทุนู ุงูุทูุจ. ุงูุชูุตูู ูู ุงูููุชุ ูุงูุทุนู ููุจูู. ๐คทโโ๏ธ,#ุชุฌุฑุจุฉ #ูุธุงูุฉ #ุงูุฏูุญุฉ #ุนุดุงุก #ุงูุทูุจ,16,4,2,ูุง,ูุง,ุงูุนุฑุจูุฉ,ุฏุงุฎู ุงููุทุนู,ุงููุธุงูุฉ,ูุญุงูุฏ,ูุธุงูุฉ ุฌูุฏุฉ ุฅุฌูุงููุง,3,3,3,3,3,3,iPhone
XT25110675597,2025-11-06,18:28:00,ุตูุฑ,ุงูุฑูุงุถ,ุฌุฏุฉ-ุงูุณูุงูุฉ,ุฑุฏ,ุฎุฏูุฉ ุฑุงููุฉ ูุงุจุชุณุงูุฉ ูู ุงูููุธููู ูู ูุทุนู ุงูุทูุจ. ุงููุจุงุจ ูุงู ููุชุงุฒ ๐,#ุบุฏุงุก #ูุทุนู_ุงูุทูุจ #ุฎุฏูุฉ,27,3,5,ูุง,ูุง,ุงูุนุฑุจูุฉ,ุฏุงุฎู ุงููุทุนู,ุงูุฎุฏูุฉ,ุฅูุฌุงุจู,ุชุนุงูู ูุญุชุฑู ูุณุฑุนุฉ ูู ุงูุงุณุชุฌุงุจุฉ,4,4,4,5,4,4,Android
XT25102953687,2025-10-29,05:52:00,ุฃูููุฉ,ุฏุจู,ุฏุจู-ุงูุฎูุฑ,ุชุบุฑูุฏุฉ,ุงููุธุงูุฉ ุชุญุชุงุฌ ุชุญุณูู ูู ูุทุนู ุงูุทูุจุ ูุงูุทุนู ุนุงุฏู ุฌุฏูุง. ุงููุชูุด ุฎูุจ ุงูุธู. ๐ฏ,#ุฃูู #ุบุฏุงุก #ุฃุฌูุงุก #ุฏุจู #ุญูุงู,41,7,0,ูุนู,ูุง,ุงูุนุฑุจูุฉ,ุณูุฑู,ุงูุฌู ุงูุนุงู,ุณูุจู,ุฅุฒุนุงุฌ ูุฒุญูุฉ ุจุฏูู ุชูุธูู,1,2,1,2,2,2,iPhone
XT25103036680,2025-10-30,22:03:00,ููููุฉ,ุฃุจูุง,ุงูุฏูุงู-ุงูุดุงุทุฆ,ุชุบุฑูุฏุฉ,ุงูุฎุฏูุฉ ุทุจูุนูุฉ ูุงููุธุงูุฉ ุฌูุฏุฉุ ุงููุจุณุฉ ูุญุชุงุฌ ุชุญุณูู ุจุณูุท.,#ุชุฌุฑุจุฉ #ุฃูู #ุฃุจูุง #ูุธุงูุฉ #ุบุฏุงุก,11,0,1,ูุง,ูุง,ุงูุนุฑุจูุฉ,ุชูุตูู,ุงููุธุงูุฉ,ูุญุงูุฏ,ูุธุงูุฉ ุฌูุฏุฉ ุฅุฌูุงููุง,3,3,3,3,3,3,iPhone
XT25100648254,2025-10-06,16:53:00,ููุงุก,ุงูุฏูุญุฉ,ุฏุจู-ุงูุฎูุฑ,ุฑุฏ,ุชุทุจูู ุงูุชูุตูู ูุฎุจุท ุงูุทูุจ ูู ูุทุนู ุงูุทูุจุ ููุญุฏ ุฑุฏ ุนูู ุงูุงุชุตุงูุงุช ๐ก ๐,#ุชุฌุฑุจุฉ #ุบุฏุงุก #ุงูุฏูุญุฉ #ุญูุงู #ุฎุฏูุฉ #ุงูุทูุจ,15,2,1,ูุง,ูุนู,ุงูุนุฑุจูุฉ,ุฏุงุฎู ุงููุทุนู,ุงูุฎุฏูุฉ,ุณูุจู,ุชุฃุฎูุฑ ูุงุถุญ ูุนุฏู ุงูุชูุงู,1,1,2,2,2,2,iPhone
XT25110181228,2025-11-01,13:28:00,ุนุจุฏุงููู,ููุฉ,ุฌุฏุฉ-ุงูุณูุงูุฉ,ุฑุฏ,ุชุทุจูู ุงูุชูุตูู ูุฎุจุท ุงูุทูุจ ูู ูุทุนู ุงูุทูุจุ ููุญุฏ ุฑุฏ ุนูู ุงูุงุชุตุงูุงุช ๐ก,#ุบุฏุงุก #ุนุดุงุก #ุฃุฌูุงุก #ููุฉ,29,4,2,ูุนู,ูุง,ุงูุนุฑุจูุฉ,ุณูุฑู,ุงูุฌู ุงูุนุงู,ุณูุจู,ุฅุฒุนุงุฌ ูุฒุญูุฉ ุจุฏูู ุชูุธูู,1,2,2,2,2,1,Android
XT25102995823,2025-10-29,12:33:00,ููุง,ุงูุฑูุงุถ,ุงูุฑูุงุถ-ุงูููุฒ,ุฑุฏ,ุชุทุจูู ุงูุชูุตูู ูุฎุจุท ุงูุทูุจ ูู ูุทุนู ุงูุทูุจุ ููุญุฏ ุฑุฏ ุนูู ุงูุงุชุตุงูุงุช ๐ก ๐,#ุชุฌุฑุจุฉ #ุฃูู #ุนุดุงุก #ุญูุงู #ุฎุฏูุฉ #ุงูุฑูุงุถ,38,6,4,ูุนู,ูุง,ุงูุนุฑุจูุฉ,ุณูุฑู,ุงูุฎุฏูุฉ,ุณูุจู,ุชุฃุฎูุฑ ูุงุถุญ ูุนุฏู ุงูุชูุงู,2,2,2,1,1,1,ููุจ
XT25111116028,2025-11-11,07:55:00,ุฃูููุฉ,ุงูุดุงุฑูุฉ,ุฃุจูุธุจู-ุงูููุฑููุด,ุชุบุฑูุฏุฉ,ุงูุฃุณุนุงุฑ ููุงุณุจุฉ ููุงุจู ุงูุฌูุฏุฉ ูู ูุทุนู ุงูุทูุจ. ุฎุตูุตูุง ุงูุดุงูุฑูุง ๐ ๐,#ุฃูู #ุบุฏุงุก #ุงูุดุงุฑูุฉ #ุชูููู #ุชูุตูู,27,1,2,ูุง,ูุง,ุงูุนุฑุจูุฉ,ุชูุตูู,ุงูุชูุตูู,ุฅูุฌุงุจู,ุงูุชูุตูู ุณุฑูุน ูุงูุชุบููู ูุญูู,4,4,4,4,5,4,Android
XT25103067898,2025-10-30,17:42:00,ุฎุงูุฏ,ุฃุจูุธุจู,ุงูุฏูุงู-ุงูุดุงุทุฆ,ุฑุฏ,ุฃุฌูุงุก ุงููุทุนู ูุฒุฏุญูุฉ ูููููุง. ุงูุดุงูุฑูุง ูุงู ุฌูุฏ ุจุดูู ุนุงู.,#ุฃูู #ุบุฏุงุก #ูุทุงุนู #ุญูุงู #ุชูููู #ุฎุฏูุฉ,1,0,2,ูุง,ูุนู,ุงูุนุฑุจูุฉ,ุณูุฑู,ุงูุฎุฏูุฉ,ูุญุงูุฏ,ุฎุฏูุฉ ุนุงุฏูุฉ,3,3,3,3,3,3,Android
XT25101916428,2025-10-19,09:53:00,ุนุงููุฉ,ุฌุฏุฉ,ุฏุจู-ุงูุฎูุฑ,ุฑุฏ,ูุทุนู ุงูุทูุจ ููุฏู ุฎูุงุฑุงุช ูุชููุนุฉ. ุงูุฃุณุนุงุฑ ูุชูุณุทุฉ. ๐คทโโ๏ธ,#ุบุฏุงุก #ุญูุงู #ุนุดุงุก #ุชูููู #ุฎุฏูุฉ #ุฌุฏุฉ,11,1,1,ูุง,ูุง,ุงูุนุฑุจูุฉ,ุณูุฑู,ุงูุฎุฏูุฉ,ูุญุงูุฏ,ุฎุฏูุฉ ุนุงุฏูุฉ,3,3,3,3,3,3,ููุจ
XT25100348680,2025-10-03,18:50:00,ุฃูููุฉ,ุงูุฏูุญุฉ,ุฏุจู-ุงูุฎูุฑ,ุฑุฏ,ุงูุฎุฏูุฉ ุทุจูุนูุฉ ูุงููุธุงูุฉ ุฌูุฏุฉุ ุงูููุจูุงุช ุงููุดููุฉ ูุญุชุงุฌ ุชุญุณูู ุจุณูุท. โญ,#ุบุฏุงุก #ุฃุฌูุงุก #ุงูุทูุจ,20,1,1,ูุง,ูุนู,ุงูุนุฑุจูุฉ,ุณูุฑู,ุงูุฌู ุงูุนุงู,ูุญุงูุฏ,ุฃุฌูุงุก ูุชูุณุทุฉ,3,3,3,3,3,3,ููุจ
XT25103139571,2025-10-31,18:47:00,ุนุจุฏุงููู,ุฏุจู,ุฃุจูุธุจู-ุงูููุฑููุด,ุงูุชุจุงุณ,ุทูุจุช ุงูููุจูุงุช ุงููุดููุฉ ูู ูุทุนู ุงูุทูุจ. ุงูุชูุตูู ูู ุงูููุชุ ูุงูุทุนู ููุจูู.,#ุบุฏุงุก #ูุทุงุนู #ุฏุจู #ุชูุตูู #ุงูุทูุจ,20,1,1,ูุง,ูุนู,ุงูุนุฑุจูุฉ,ุณูุฑู,ุงูุชูุตูู,ูุญุงูุฏ,ูุตู ูู ุงูููุช ุงููุชููุน,3,3,3,3,3,3,Android
XT25102452992,2025-10-24,12:43:00,ุนุงููุฉ,ุงูุดุงุฑูุฉ,ุงูุฑูุงุถ-ุงููุงุณููู,ุงูุชุจุงุณ,ุชุทุจูู ุงูุชูุตูู ูุฎุจุท ุงูุทูุจ ูู ูุทุนู ุงูุทูุจุ ููุญุฏ ุฑุฏ ุนูู ุงูุงุชุตุงูุงุช ๐ก โญ,#ุชุฌุฑุจุฉ #ุฃูู #ุงูุดุงุฑูุฉ #ุฃุฌูุงุก,25,4,3,ูุง,ูุง,ุงูุนุฑุจูุฉ,ุฏุงุฎู ุงููุทุนู,ุงูุฌู ุงูุนุงู,ุณูุจู,ุฅุฒุนุงุฌ ูุฒุญูุฉ ุจุฏูู ุชูุธูู,1,1,2,2,1,1,iPhone
XT25102846666,2025-10-28,03:47:00,ุฃุจู_ุนูู,ุฏุจู,ุฏุจู-ุงูุฎูุฑ,ุฑุฏ,ุฃุฌูุงุก ุงููุทุนู ูุฒุฏุญูุฉ ูููููุง. ุงูููุชููุดููู ูุงู ุฌูุฏ ุจุดูู ุนุงู. ๐ฅ,#ุชุฌุฑุจุฉ #ุฎุฏูุฉ #ุบุฏุงุก,3,0,0,ูุง,ูุง,ุงูุนุฑุจูุฉ,ุฏุงุฎู ุงููุทุนู,ุงูุฎุฏูุฉ,ูุญุงูุฏ,ุฎุฏูุฉ ุนุงุฏูุฉ,3,3,3,3,3,3,ููุจ
XT25100853713,2025-10-08,23:05:00,ูุงุณุฑ,ุงููุฏููุฉ,ุงูุฑูุงุถ-ุงููุงุณููู,ุงูุชุจุงุณ,ููุฃุณู ุงูุชุฌุฑุจุฉ ุณูุฆุฉ ุงูููู ูู ูุทุนู ุงูุทูุจ. ุชุฃุฎูุฑ ูุจูุฑ ูุงูุทูุจ ูุตู ุจุงุฑุฏ ๐ ๐คทโโ๏ธ,#ุญูุงู #ูุธุงูุฉ #ุงูุทูุจ #ูุทุงุนู,60,9,12,ูุนู,ูุง,ุงูุนุฑุจูุฉ,ุฏุงุฎู ุงููุทุนู,ุงููุธุงูุฉ,ุณูุจู,ุทุงููุงุช ุบูุฑ ูุธููุฉ,1,2,1,1,2,1,iPhone
XT25100244782,2025-10-02,13:00:00,ุฃุจู_ุนูู,ุฏุจู,ุงูุฑูุงุถ-ุงููุงุณููู,ุงูุชุจุงุณ,ููุฃุณู ุงูุชุฌุฑุจุฉ ุณูุฆุฉ ุงูููู ูู ูุทุนู ุงูุทูุจ. ุชุฃุฎูุฑ ูุจูุฑ ูุงูุทูุจ ูุตู ุจุงุฑุฏ ๐,#ุฃูู #ูุทุนู_ุงูุทูุจ #ุฏุจู #ุชูุตูู #ุงูุทูุจ,41,4,2,ูุนู,ูุง,ุงูุนุฑุจูุฉ,ุชูุตูู,ุงูุชูุตูู,ุณูุจู,ุชุฃุฎุฑ ุงูุชูุตูู ูุงูุทูุจ ูุงูุต,1,2,1,1,2,2,ููุจ
XT25110229442,2025-11-02,07:58:00,ููุฑุฉ,ุงูุฑูุงุถ,ุงูุฑูุงุถ-ุงููุงุณููู,ุฑุฏ,ุฃุฌูุงุก ุงููุทุนู ูุฒุฏุญูุฉ ูููููุง. ุงููุชูุด ูุงู ุฌูุฏ ุจุดูู ุนุงู. ๐,#ุชุฌุฑุจุฉ #ุฃูู #ุบุฏุงุก #ุฌูุฏุฉ_ุงูุทุนุงู #ุนุดุงุก #ุงูุฑูุงุถ,20,2,4,ูุนู,ูุง,ุงูุนุฑุจูุฉ,ุณูุฑู,ุงูุทุนุงู,ูุญุงูุฏ,ุทุนู ููุจูู ุจูุง ุชููุฒ,3,3,3,3,3,3,iPhone
XT25102822463,2025-10-28,23:56:00,ุฃูููุฉ,ุงูุฏูุญุฉ,ุฌุฏุฉ-ุงูุณูุงูุฉ,ุฑุฏ,ุฌูุณุงุช ูุฒุนุฌุฉ ูุตูุช ุนุงููุ ูุงูุญููุต ูุงูุญ ุฃูุซุฑ ูู ุงููุงุฒู ูู ูุทุนู ุงูุทูุจ.,#ุบุฏุงุก #ุงูุฏูุญุฉ #ุฌูุฏุฉ_ุงูุทุนุงู #ุนุดุงุก #ุชูููู #ุงูุทูุจ,24,3,0,ูุง,ูุง,ุงูุนุฑุจูุฉ,ุฏุงุฎู ุงููุทุนู,ุงูุทุนุงู,ุณูุจู,ุงูุทุนู ุจุงูุช ูุงููุฌุจุฉ ุจุงุฑุฏุฉ,2,1,2,1,1,2,ููุจ
XT25102976507,2025-10-29,08:03:00,ุดุงุฏู,ุฌุฏุฉ,ุงูุฑูุงุถ-ุงููุงุณููู,ุงูุชุจุงุณ,ุงูุฃุณุนุงุฑ ููุงุณุจุฉ ููุงุจู ุงูุฌูุฏุฉ ูู ูุทุนู ุงูุทูุจ. ุฎุตูุตูุง ุงูุณูู ุงููุดูู ๐,#ุงูุฃุณุนุงุฑ #ุบุฏุงุก #ูุทุงุนู #ูุทุนู_ุงูุทูุจ #ุฌุฏุฉ,30,2,1,ูุนู,ูุง,ุงูุนุฑุจูุฉ,ุฏุงุฎู ุงููุทุนู,ุงูุฃุณุนุงุฑ,ุฅูุฌุงุจู,ูููุฉ ุฑุงุฆุนุฉ ููุงุจู ุงูุณุนุฑ,5,4,5,4,5,4,iPhone
XT25101122026,2025-10-11,03:42:00,ููุงุก,ููุฉ,ุงูุฑูุงุถ-ุงููุงุณููู,ุฑุฏ,ุทูุจุช ุงููุจุงุจ ูู ูุทุนู ุงูุทูุจ. ุงูุชูุตูู ูู ุงูููุชุ ูุงูุทุนู ููุจูู. ๐,#ุชุฌุฑุจุฉ #ููุฉ #ุฃุฌูุงุก #ุชูููู #ุงูุทูุจ,21,1,3,ูุง,ูุง,ุงูุนุฑุจูุฉ,ุชูุตูู,ุงูุฌู ุงูุนุงู,ูุญุงูุฏ,ุฃุฌูุงุก ูุชูุณุทุฉ,3,3,3,3,3,3,ููุจ
XT25100567939,2025-10-05,06:05:00,ุฑูู,ุฌุฏุฉ,ุฌุฏุฉ-ุงูุฑูุถุฉ,ุชุบุฑูุฏุฉ,ูุง ุฃูุตุญ ุจู ูุทุนู ุงูุทูุจ ุงูููู. ุงูููุจูุงุช ุงููุดููุฉ ูุงู ุฏูู ุงููุณุชูู ูุงูุฎุฏูุฉ ุจุทูุฆุฉ ุฌุฏูุง.,#ุฌุฏุฉ #ุบุฏุงุก #ุฌูุฏุฉ_ุงูุทุนุงู #ุชูููู #ูุทุนู_ุงูุทูุจ #ุงูุทูุจ,31,0,4,ูุนู,ูุง,ุงูุนุฑุจูุฉ,ุณูุฑู,ุงูุทุนุงู,ุณูุจู,ุงูุทุนู ุจุงูุช ูุงููุฌุจุฉ ุจุงุฑุฏุฉ,2,1,1,2,1,1,iPhone
XT25100240161,2025-10-02,00:47:00,ููุงุก,ููุฉ,ุงูุฏูุงู-ุงูุดุงุทุฆ,ุงูุชุจุงุณ,ุฃุฌูุงุก ูุงุฏุฆุฉ ูุฃูู ููุชุญ ุงูููุณ ูู ูุทุนู ุงูุทูุจ. ุฃูุตุญ ุจู ุงูููุจูุงุช ุงููุดููุฉ ๐ ๐,#ุฃูู #ุบุฏุงุก #ููุฉ #ุญูุงู #ุฎุฏูุฉ #ุงูุทูุจ,47,3,7,ูุนู,ูุง,ุงูุนุฑุจูุฉ,ุฏุงุฎู ุงููุทุนู,ุงูุฎุฏูุฉ,ุฅูุฌุงุจู,ุชุนุงูู ูุญุชุฑู ูุณุฑุนุฉ ูู ุงูุงุณุชุฌุงุจุฉ,5,5,5,5,5,4,Android
XT25100661873,2025-10-06,22:54:00,ูุญูุฏ,ุงูุฑูุงุถ,ุฏุจู-ุงูุฎูุฑ,ุฑุฏ,ูุทุนู ุงูุทูุจ ููุฏู ุฎูุงุฑุงุช ูุชููุนุฉ. ุงูุฃุณุนุงุฑ ูุชูุณุทุฉ. โจ,#ุฃูู #ุชูุตูู #ูุทุงุนู #ุงูุฑูุงุถ,5,1,2,ูุง,ูุง,ุงูุนุฑุจูุฉ,ุฏุงุฎู ุงููุทุนู,ุงูุชูุตูู,ูุญุงูุฏ,ูุตู ูู ุงูููุช ุงููุชููุน,3,3,3,3,3,3,ููุจ
XT25101030036,2025-10-10,16:06:00,ููุฑุฉ,ุฏุจู,ุงูุฑูุงุถ-ุงููุงุณููู,ุงูุชุจุงุณ,ุงููุธุงูุฉ ุชุญุชุงุฌ ุชุญุณูู ูู ูุทุนู ุงูุทูุจุ ูุงูุทุนู ุนุงุฏู ุฌุฏูุง. ุงูุณูู ุงููุดูู ุฎูุจ ุงูุธู.,#ุชุฌุฑุจุฉ #ุฎุฏูุฉ #ุนุดุงุก #ูุทุงุนู,21,4,0,ูุนู,ูุง,ุงูุนุฑุจูุฉ,ุชูุตูู,ุงูุฎุฏูุฉ,ุณูุจู,ุชุฃุฎูุฑ ูุงุถุญ ูุนุฏู ุงูุชูุงู,2,2,1,2,1,2,Android
XT25100547627,2025-10-05,18:29:00,ููุฑุฉ,ุงูุดุงุฑูุฉ,ุฏุจู-ุงูุฎูุฑ,ุชุบุฑูุฏุฉ,ุชุทุจูู ุงูุชูุตูู ูุฎุจุท ุงูุทูุจ ูู ูุทุนู ุงูุทูุจุ ููุญุฏ ุฑุฏ ุนูู ุงูุงุชุตุงูุงุช ๐ก ๐ฅ,#ุฃูู #ุบุฏุงุก #ูุทุงุนู #ุนุดุงุก #ุชูุตูู,37,5,7,ูุนู,ูุง,ุงูุนุฑุจูุฉ,ุฏุงุฎู ุงููุทุนู,ุงูุชูุตูู,ุณูุจู,ุชุฃุฎุฑ ุงูุชูุตูู ูุงูุทูุจ ูุงูุต,2,1,2,2,1,1,Android
XT25100330807,2025-10-03,16:45:00,ุฎุงูุฏ,ุฌุฏุฉ,ุฌุฏุฉ-ุงูุฑูุถุฉ,ุฑุฏ,ูุทุนู ุงูุทูุจ ููุฏู ุฎูุงุฑุงุช ูุชููุนุฉ. ุงูุฃุณุนุงุฑ ูุชูุณุทุฉ.,#ุชุฌุฑุจุฉ #ูุทุงุนู #ุญูุงู #ุชูููู #ุชูุตูู #ุฌุฏุฉ,20,2,0,ูุนู,ูุง,ุงูุนุฑุจูุฉ,ุชูุตูู,ุงูุชูุตูู,ูุญุงูุฏ,ูุตู ูู ุงูููุช ุงููุชููุน,3,3,3,3,3,3,ููุจ
XT25102596980,2025-10-25,18:16:00,ููุง,ุงููุฏููุฉ,ุฌุฏุฉ-ุงูุฑูุถุฉ,ุฑุฏ,ููุฃุณู ุงูุชุฌุฑุจุฉ ุณูุฆุฉ ุงูููู ูู ูุทุนู ุงูุทูุจ. ุชุฃุฎูุฑ ูุจูุฑ ูุงูุทูุจ ูุตู ุจุงุฑุฏ ๐,#ุฌูุฏุฉ_ุงูุทุนุงู #ูุทุงุนู #ุงููุฏููุฉ #ุนุดุงุก #ุญูุงู #ูุทุนู_ุงูุทูุจ #ุงูุทูุจ,53,10,10,ูุนู,ูุง,ุงูุนุฑุจูุฉ,ุณูุฑู,ุงูุทุนุงู,ุณูุจู,ุงูุทุนู ุจุงูุช ูุงููุฌุจุฉ ุจุงุฑุฏุฉ,1,1,2,2,1,2,Android
XT25101079013,2025-10-10,11:18:00,ุฃุจู_ุนูู,ุงูุฏูุงู,ุฏุจู-ุงูุฎูุฑ,ุฑุฏ,ุงูุฃุณุนุงุฑ ูุฑุชูุนุฉ ููุงุฑูุฉ ุจุงูุฌูุฏุฉ ูู ูุทุนู ุงูุทูุจ. ุงูุณูู ุงููุดูู ูุง ูุณุชุญู. ๐,#ุบุฏุงุก #ุนุดุงุก #ุชูููู #ุฎุฏูุฉ #ุงูุฏูุงู #ุงูุทูุจ,78,10,3,ูุง,ูุง,ุงูุนุฑุจูุฉ,ุชูุตูู,ุงูุฎุฏูุฉ,ุณูุจู,ุชุฃุฎูุฑ ูุงุถุญ ูุนุฏู ุงูุชูุงู,1,2,1,2,2,1,Android
XT25102167749,2025-10-21,00:57:00,ุญูุฏ,ุฃุจูุธุจู,ุฃุจูุธุจู-ุงูููุฑููุด,ุฑุฏ,ุฃูู ุฒูุงุฑุฉ ูู ูุทุนู ุงูุทูุจ ููุงูุช ููู ุงูุชููุนุงุช. ุงููุชูุด ูุณุชุงูู ุงูุชุฌุฑุจุฉ ๐,#ุชุฌุฑุจุฉ #ูุทุงุนู #ุญูุงู #ุชูุตูู #ุงูุทูุจ,73,9,3,ูุง,ูุง,ุงูุนุฑุจูุฉ,ุณูุฑู,ุงูุชูุตูู,ุฅูุฌุงุจู,ุงูุชูุตูู ุณุฑูุน ูุงูุชุบููู ูุญูู,4,5,5,4,4,5,iPhone
XT25100661964,2025-10-06,16:52:00,ููุงุก,ุงูุฏูุงู,ุฌุฏุฉ-ุงูุฑูุถุฉ,ุชุบุฑูุฏุฉ,ูุทุนู ุงูุทูุจ ููุฏู ุฎูุงุฑุงุช ูุชููุนุฉ. ุงูุฃุณุนุงุฑ ูุชูุณุทุฉ. ๐,#ุชุฌุฑุจุฉ #ุชูููู #ุชูุตูู #ุงูุฏูุงู #ุงูุทูุจ,17,1,3,ูุนู,ูุง,ุงูุนุฑุจูุฉ,ุชูุตูู,ุงูุชูุตูู,ูุญุงูุฏ,ูุตู ูู ุงูููุช ุงููุชููุน,3,3,3,3,3,3,ููุจ
XT25101038266,2025-10-10,07:30:00,ููุง,ุงููุฏููุฉ,ุงูุฏูุงู-ุงูุดุงุทุฆ,ุงูุชุจุงุณ,ุชุฌุฑุจุฉ ุฑุงุฆุนุฉ ูู ูุทุนู ุงูุทูุจ! ุงูููุจูุงุช ุงููุดููุฉ ูุงู ูุฐูุฐ ุฌุฏูุง ูุงูุฎุฏูุฉ ุณุฑูุนุฉ ๐คฉ ๐,#ูุทุงุนู #ุญูุงู #ุงููุฏููุฉ #ุชูููู #ูุทุนู_ุงูุทูุจ #ุฎุฏูุฉ #ุงูุทูุจ,46,12,2,ูุนู,ูุง,ุงูุนุฑุจูุฉ,ุณูุฑู,ุงูุฎุฏูุฉ,ุฅูุฌุงุจู,ุชุนุงูู ูุญุชุฑู ูุณุฑุนุฉ ูู ุงูุงุณุชุฌุงุจุฉ,5,4,4,5,4,4,ููุจ
XT25101778951,2025-10-17,03:26:00,ุตูุฑ,ุงูุฏูุงู,ุงูุฏูุงู-ุงูุดุงุทุฆ,ุงูุชุจุงุณ,ุชุฌุฑุจุฉ ุฑุงุฆุนุฉ ูู ูุทุนู ุงูุทูุจ! ุงูููุชููุดููู ูุงู ูุฐูุฐ ุฌุฏูุง ูุงูุฎุฏูุฉ ุณุฑูุนุฉ ๐คฉ,#ุชูุตูู #ุชุฌุฑุจุฉ #ุบุฏุงุก #ูุทุงุนู #ูุทุนู_ุงูุทูุจ #ุงูุฏูุงู,24,4,0,ูุง,ูุนู,ุงูุนุฑุจูุฉ,ุณูุฑู,ุงูุชูุตูู,ุฅูุฌุงุจู,ุงูุชูุตูู ุณุฑูุน ูุงูุชุบููู ูุญูู,4,5,4,5,4,4,ููุจ
XT25101369988,2025-10-13,06:29:00,ุฃุจู_ุนูู,ุงูุฏูุญุฉ,ุฌุฏุฉ-ุงูุฑูุถุฉ,ุชุบุฑูุฏุฉ,ุชุฌุฑุจุฉ ุฑุงุฆุนุฉ ูู ูุทุนู ุงูุทูุจ! ุงูููุจูุงุช ุงููุดููุฉ ูุงู ูุฐูุฐ ุฌุฏูุง ูุงูุฎุฏูุฉ ุณุฑูุนุฉ ๐คฉ โจ,#ุชูุตูู #ุบุฏุงุก #ุงูุฏูุญุฉ #ุญูุงู #ูุทุนู_ุงูุทูุจ,56,2,2,ูุง,ูุนู,ุงูุนุฑุจูุฉ,ุณูุฑู,ุงูุชูุตูู,ุฅูุฌุงุจู,ุงูุชูุตูู ุณุฑูุน ูุงูุชุบููู ูุญูู,5,5,4,4,5,5,iPhone
XT25102875211,2025-10-28,21:47:00,ุฎุงูุฏ,ุงูุดุงุฑูุฉ,ุฃุจูุธุจู-ุงูููุฑููุด,ุงูุชุจุงุณ,ููุฃุณู ุงูุชุฌุฑุจุฉ ุณูุฆุฉ ุงูููู ูู ูุทุนู ุงูุทูุจ. ุชุฃุฎูุฑ ูุจูุฑ ูุงูุทูุจ ูุตู ุจุงุฑุฏ ๐,#ุฃูู #ุบุฏุงุก #ุงูุดุงุฑูุฉ #ุชูุตูู #ุงูุทูุจ,32,2,2,ูุง,ูุง,ุงูุนุฑุจูุฉ,ุฏุงุฎู ุงููุทุนู,ุงูุชูุตูู,ุณูุจู,ุชุฃุฎุฑ ุงูุชูุตูู ูุงูุทูุจ ูุงูุต,2,2,1,1,2,2,Android
XT25102317518,2025-10-23,23:02:00,ููุฑุฉ,ุชุจูู,ุฏุจู-ุงูุฎูุฑ,ุงูุชุจุงุณ,ูุง ุฃูุตุญ ุจู ูุทุนู ุงูุทูุจ ุงูููู. ุงูููุชููุดููู ูุงู ุฏูู ุงููุณุชูู ูุงูุฎุฏูุฉ ุจุทูุฆุฉ ุฌุฏูุง.,#ุชุฌุฑุจุฉ #ุฃูู #ูุธุงูุฉ #ุนุดุงุก #ุชุจูู,41,4,2,ูุนู,ูุง,ุงูุนุฑุจูุฉ,ุฏุงุฎู ุงููุทุนู,ุงููุธุงูุฉ,ุณูุจู,ุทุงููุงุช ุบูุฑ ูุธููุฉ,2,1,1,1,1,2,Android
XT25102462171,2025-10-24,20:28:00,ุฃูููุฉ,ุฃุจูุง,ุฏุจู-ุงูุฎูุฑ,ุฑุฏ,ุฎุฏูุฉ ุฑุงููุฉ ูุงุจุชุณุงูุฉ ูู ุงูููุธููู ูู ูุทุนู ุงูุทูุจ. ุงููุจุณุฉ ูุงู ููุชุงุฒ ๐ ๐,#ูุทุนู_ุงูุทูุจ #ูุธุงูุฉ #ุงูุทูุจ,67,11,4,ูุนู,ูุง,ุงูุนุฑุจูุฉ,ุณูุฑู,ุงููุธุงูุฉ,ุฅูุฌุงุจู,ุงูููุงู ูุธูู ูุงูุชุนููู ูุงุถุญ,4,5,5,5,4,5,ููุจ
XT25102951889,2025-10-29,14:57:00,ุฎุงูุฏ,ุชุจูู,ุฏุจู-ุงูุฎูุฑ,ุชุบุฑูุฏุฉ,ูุง ุฃูุตุญ ุจู ูุทุนู ุงูุทูุจ ุงูููู. ุงูููุฏู ูุงู ุฏูู ุงููุณุชูู ูุงูุฎุฏูุฉ ุจุทูุฆุฉ ุฌุฏูุง.,#ุฃูู #ุนุดุงุก #ุชูููู #ุฎุฏูุฉ #ุงูุทูุจ,52,3,6,ูุง,ูุง,ุงูุนุฑุจูุฉ,ุฏุงุฎู ุงููุทุนู,ุงูุฎุฏูุฉ,ุณูุจู,ุชุฃุฎูุฑ ูุงุถุญ ูุนุฏู ุงูุชูุงู,1,1,1,2,1,2,ููุจ
XT25100563665,2025-10-05,18:25:00,ูุงุฏุฑ,ุฃุจูุธุจู,ุงูุฑูุงุถ-ุงูููุฒ,ุชุบุฑูุฏุฉ,ุฎุฏูุฉ ุฑุงููุฉ ูุงุจุชุณุงูุฉ ูู ุงูููุธููู ูู ูุทุนู ุงูุทูุจ. ุงููุชูุด ูุงู ููุชุงุฒ ๐ ๐,#ุบุฏุงุก #ูุทุงุนู #ุญูุงู #ุชูุตูู #ุฃุจูุธุจู #ุงูุทูุจ,67,3,6,ูุนู,ูุง,ุงูุนุฑุจูุฉ,ุชูุตูู,ุงูุชูุตูู,ุฅูุฌุงุจู,ุงูุชูุตูู ุณุฑูุน ูุงูุชุบููู ูุญูู,4,4,5,4,4,4,Android
XT25101922245,2025-10-19,11:16:00,ููุงุก,ุงูุฏูุงู,ุฏุจู-ุงูุฎูุฑ,ุชุบุฑูุฏุฉ,ุงูุฎุฏูุฉ ุทุจูุนูุฉ ูุงููุธุงูุฉ ุฌูุฏุฉุ ุงูุณูู ุงููุดูู ูุญุชุงุฌ ุชุญุณูู ุจุณูุท. ๐ฅ,#ุฃูู #ุนุดุงุก #ุชูููู #ุฎุฏูุฉ #ุงูุทูุจ,7,0,0,ูุง,ูุง,ุงูุนุฑุจูุฉ,ุชูุตูู,ุงูุฎุฏูุฉ,ูุญุงูุฏ,ุฎุฏูุฉ ุนุงุฏูุฉ,3,3,3,3,3,3,iPhone
XT25101892203,2025-10-18,05:13:00,ุตูุฑ,ุงูุฑูุงุถ,ุฌุฏุฉ-ุงูุฑูุถุฉ,ุงูุชุจุงุณ,ุงูุฃุณุนุงุฑ ููุงุณุจุฉ ููุงุจู ุงูุฌูุฏุฉ ูู ูุทุนู ุงูุทูุจ. ุฎุตูุตูุง ุงููุจุณุฉ ๐,#ุชุฌุฑุจุฉ #ุฃูู #ุฌูุฏุฉ_ุงูุทุนุงู #ุงูุทูุจ #ุงูุฑูุงุถ,63,5,10,ูุนู,ูุง,ุงูุนุฑุจูุฉ,ุชูุตูู,ุงูุทุนุงู,ุฅูุฌุงุจู,ุงูุทุนู ููุชุงุฒ ูุชุชุจููุฉ ูุชูุงุฒูุฉ,4,4,5,5,5,5,iPhone
XT25102223917,2025-10-22,08:55:00,ุฃูููุฉ,ุงููุฏููุฉ,ุงูุฑูุงุถ-ุงููุงุณููู,ุฑุฏ,ุทูุจุช ุงูููุจูุงุช ุงููุดููุฉ ูู ูุทุนู ุงูุทูุจ. ุงูุชูุตูู ูู ุงูููุชุ ูุงูุทุนู ููุจูู.,#ูุธุงูุฉ #ุบุฏุงุก #ุงููุฏููุฉ #ุนุดุงุก #ุญูุงู,19,0,1,ูุง,ูุง,ุงูุนุฑุจูุฉ,ุณูุฑู,ุงููุธุงูุฉ,ูุญุงูุฏ,ูุธุงูุฉ ุฌูุฏุฉ ุฅุฌูุงููุง,3,3,3,3,3,3,Android
XT25110750441,2025-11-07,08:20:00,ุฃูุณ,ุฃุจูุธุจู,ุงูุฑูุงุถ-ุงูููุฒ,ุชุบุฑูุฏุฉ,ูุง ุฃูุตุญ ุจู ูุทุนู ุงูุทูุจ ุงูููู. ุงูุดุงูุฑูุง ูุงู ุฏูู ุงููุณุชูู ูุงูุฎุฏูุฉ ุจุทูุฆุฉ ุฌุฏูุง.,#ุชุฌุฑุจุฉ #ูุทุงุนู #ุญูุงู #ุงูุฃุณุนุงุฑ #ุฃุจูุธุจู #ุงูุทูุจ,18,2,0,ูุง,ูุง,ุงูุนุฑุจูุฉ,ุณูุฑู,ุงูุฃุณุนุงุฑ,ุณูุจู,ุงูุณุนุฑ ูุฑุชูุน ููุงุฑูุฉ ุจุงูุฌูุฏุฉ,2,2,2,1,1,2,iPhone
XT25100560639,2025-10-05,03:35:00,ููุงุก,ููุฉ,ุฌุฏุฉ-ุงูุณูุงูุฉ,ุงูุชุจุงุณ,ุงูุฃุณุนุงุฑ ูุฑุชูุนุฉ ููุงุฑูุฉ ุจุงูุฌูุฏุฉ ูู ูุทุนู ุงูุทูุจ. ุงูุณูู ุงููุดูู ูุง ูุณุชุญู. ๐,#ุชุฌุฑุจุฉ #ููุฉ #ุฃุฌูุงุก #ูุทุนู_ุงูุทูุจ #ุงูุทูุจ,22,0,0,ูุนู,ูุง,ุงูุนุฑุจูุฉ,ุณูุฑู,ุงูุฌู ุงูุนุงู,ุณูุจู,ุฅุฒุนุงุฌ ูุฒุญูุฉ ุจุฏูู ุชูุธูู,2,1,1,2,1,1,iPhone
XT25101161505,2025-10-11,04:57:00,ุนุงููุฉ,ุงูุฏูุงู,ุฏุจู-ุงูุฎูุฑ,ุฑุฏ,ุฃุฌูุงุก ุงููุทุนู ูุฒุฏุญูุฉ ูููููุง. ุงูุณูู ุงููุดูู ูุงู ุฌูุฏ ุจุดูู ุนุงู.,#ุชุฌุฑุจุฉ #ุฃูู #ุฃุฌูุงุก #ูุทุงุนู #ุนุดุงุก #ุงูุฏูุงู,15,3,2,ูุง,ูุง,ุงูุนุฑุจูุฉ,ุณูุฑู,ุงูุฌู ุงูุนุงู,ูุญุงูุฏ,ุฃุฌูุงุก ูุชูุณุทุฉ,3,3,3,3,3,3,iPhone
XT25111032349,2025-11-10,09:38:00,ููุงุก,ุงููุฏููุฉ,ุฏุจู-ุงูุฎูุฑ,ุงูุชุจุงุณ,ุงูุฃุณุนุงุฑ ูุฑุชูุนุฉ ููุงุฑูุฉ ุจุงูุฌูุฏุฉ ูู ูุทุนู ุงูุทูุจ. ุงูููุฏู ูุง ูุณุชุญู.,#ุชุฌุฑุจุฉ #ุฃูู #ูุทุงุนู #ุงููุฏููุฉ #ุชูุตูู #ุงูุทูุจ,39,7,1,ูุง,ูุง,ุงูุนุฑุจูุฉ,ุฏุงุฎู ุงููุทุนู,ุงูุชูุตูู,ุณูุจู,ุชุฃุฎุฑ ุงูุชูุตูู ูุงูุทูุจ ูุงูุต,1,1,2,2,2,1,Android
XT25110152604,2025-11-01,08:46:00,ุฃูุณ,ุงูุฏูุญุฉ,ุงูุฏูุงู-ุงูุดุงุทุฆ,ุฑุฏ,ุฎุฏูุฉ ุฑุงููุฉ ูุงุจุชุณุงูุฉ ูู ุงูููุธููู ูู ูุทุนู ุงูุทูุจ. ุงูููุชููุดููู ูุงู ููุชุงุฒ ๐,#ุบุฏุงุก #ุงูุฏูุญุฉ #ุญูุงู #ุนุดุงุก #ุชูููู #ุฎุฏูุฉ,24,2,0,ูุนู,ูุง,ุงูุนุฑุจูุฉ,ุชูุตูู,ุงูุฎุฏูุฉ,ุฅูุฌุงุจู,ุชุนุงูู ูุญุชุฑู ูุณุฑุนุฉ ูู ุงูุงุณุชุฌุงุจุฉ,5,5,4,4,5,5,iPhone
XT25102298686,2025-10-22,00:22:00,ุตูุฑ,ููุฉ,ุฌุฏุฉ-ุงูุณูุงูุฉ,ุฑุฏ,ุงูุฎุฏูุฉ ุทุจูุนูุฉ ูุงููุธุงูุฉ ุฌูุฏุฉุ ุงูุดุงูุฑูุง ูุญุชุงุฌ ุชุญุณูู ุจุณูุท.,#ุชุฌุฑุจุฉ #ุชูุตูู #ููุฉ #ุชูููู #ูุทุนู_ุงูุทูุจ,17,1,0,ูุนู,ูุง,ุงูุนุฑุจูุฉ,ุณูุฑู,ุงูุชูุตูู,ูุญุงูุฏ,ูุตู ูู ุงูููุช ุงููุชููุน,3,3,3,3,3,3,Android
XT25101941779,2025-10-19,02:44:00,ุฃุจู_ุนูู,ุงูุดุงุฑูุฉ,ุฏุจู-ุงูุฎูุฑ,ุงูุชุจุงุณ,ุฃูู ุฒูุงุฑุฉ ูู ูุทุนู ุงูุทูุจ ููุงูุช ููู ุงูุชููุนุงุช. ุงููุชูุด ูุณุชุงูู ุงูุชุฌุฑุจุฉ ๐ ๐ฅ,#ุชูุตูู #ุบุฏุงุก #ุงูุดุงุฑูุฉ #ุญูุงู #ูุทุนู_ุงูุทูุจ,45,7,8,ูุง,ูุง,ุงูุนุฑุจูุฉ,ุณูุฑู,ุงูุชูุตูู,ุฅูุฌุงุจู,ุงูุชูุตูู ุณุฑูุน ูุงูุชุบููู ูุญูู,4,4,4,4,5,5,Android
XT25100733040,2025-10-07,05:36:00,ุฃุจู_ุนูู,ุงูุดุงุฑูุฉ,ุฃุจูุธุจู-ุงูููุฑููุด,ุฑุฏ,ุฃุฌูุงุก ูุงุฏุฆุฉ ูุฃูู ููุชุญ ุงูููุณ ูู ูุทุนู ุงูุทูุจ. ุฃูุตุญ ุจู ุงููุจุงุจ ๐ ๐,#ุชุฌุฑุจุฉ #ุฃูู #ุญูุงู #ุชูููู #ุฎุฏูุฉ,27,6,1,ูุนู,ูุง,ุงูุนุฑุจูุฉ,ุชูุตูู,ุงูุฎุฏูุฉ,ุฅูุฌุงุจู,ุชุนุงูู ูุญุชุฑู ูุณุฑุนุฉ ูู ุงูุงุณุชุฌุงุจุฉ,4,5,5,5,5,4,ููุจ
XT25101833002,2025-10-18,07:11:00,ุนุงููุฉ,ุชุจูู,ุฃุจูุธุจู-ุงูููุฑููุด,ุงูุชุจุงุณ,ุชุฌุฑุจุฉ ุฑุงุฆุนุฉ ูู ูุทุนู ุงูุทูุจ! ุงูุดุงูุฑูุง ูุงู ูุฐูุฐ ุฌุฏูุง ูุงูุฎุฏูุฉ ุณุฑูุนุฉ ๐คฉ ๐,#ุชุจูู #ูุทุงุนู #ุนุดุงุก #ุชูููู #ุชูุตูู,21,3,1,ูุง,ูุง,ุงูุนุฑุจูุฉ,ุฏุงุฎู ุงููุทุนู,ุงูุชูุตูู,ุฅูุฌุงุจู,ุงูุชูุตูู ุณุฑูุน ูุงูุชุบููู ูุญูู,4,5,5,4,4,5,Android
XT25100130934,2025-10-01,17:41:00,ุนุจุฏุงููู,ุงูุฎุจุฑ,ุฏุจู-ุงูุฎูุฑ,ุงูุชุจุงุณ,ุทูุจุช ุงููุจุงุจ ูู ูุทุนู ุงูุทูุจ. ุงูุชูุตูู ูู ุงูููุชุ ูุงูุทุนู ููุจูู. ๐ฏ,#ุฃูู #ุงูุฃุณุนุงุฑ #ุญูุงู #ุนุดุงุก #ุชูููู #ูุทุนู_ุงูุทูุจ #ุงูุฎุจุฑ,15,0,0,ูุง,ูุง,ุงูุนุฑุจูุฉ,ุฏุงุฎู ุงููุทุนู,ุงูุฃุณุนุงุฑ,ูุญุงูุฏ,ุฃุณุนุงุฑ ูุชูุณุทุฉ,3,3,3,3,3,3,Android
XT25110179228,2025-11-01,02:51:00,ุฎุงูุฏ,ุงูุฏูุงู,ุงูุฑูุงุถ-ุงูููุฒ,ุงูุชุจุงุณ,ุทูุจุช ุงูููุณู ูู ูุทุนู ุงูุทูุจ. ุงูุชูุตูู ูู ุงูููุชุ ูุงูุทุนู ููุจูู. ๐ฅ,#ุงูุฃุณุนุงุฑ #ูุทุนู_ุงูุทูุจ #ุงูุฏูุงู #ูุทุงุนู,13,2,0,ูุนู,ูุง,ุงูุนุฑุจูุฉ,ุชูุตูู,ุงูุฃุณุนุงุฑ,ูุญุงูุฏ,ุฃุณุนุงุฑ ูุชูุณุทุฉ,3,3,3,3,3,3,ููุจ
XT25101517292,2025-10-15,07:37:00,ุญูุฏ,ุงูุฏูุงู,ุงูุฑูุงุถ-ุงููุงุณููู,ุงูุชุจุงุณ,ุฎุฏูุฉ ุฑุงููุฉ ูุงุจุชุณุงูุฉ ูู ุงูููุธููู ูู ูุทุนู ุงูุทูุจ. ุงูุณูู ุงููุดูู ูุงู ููุชุงุฒ ๐ โญ,#ุชุฌุฑุจุฉ #ุนุดุงุก #ูุทุนู_ุงูุทูุจ #ุฎุฏูุฉ #ุงูุฏูุงู,48,9,6,ูุนู,ูุง,ุงูุนุฑุจูุฉ,ุณูุฑู,ุงูุฎุฏูุฉ,ุฅูุฌุงุจู,ุชุนุงูู ูุญุชุฑู ูุณุฑุนุฉ ูู ุงูุงุณุชุฌุงุจุฉ,4,5,5,4,4,4,iPhone
XT25100694656,2025-10-06,00:02:00,ุฑูู,ุฃุจูุง,ุฌุฏุฉ-ุงูุฑูุถุฉ,ุฑุฏ,ูุทุนู ุงูุทูุจ ููุฏู ุฎูุงุฑุงุช ูุชููุนุฉ. ุงูุฃุณุนุงุฑ ูุชูุณุทุฉ.,#ุชูุตูู #ุฃุจูุง #ุบุฏุงุก #ูุทุงุนู #ูุทุนู_ุงูุทูุจ,15,1,3,ูุง,ูุง,ุงูุนุฑุจูุฉ,ุชูุตูู,ุงูุชูุตูู,ูุญุงูุฏ,ูุตู ูู ุงูููุช ุงููุชููุน,3,3,3,3,3,3,iPhone
XT25102770686,2025-10-27,01:08:00,ุตูุฑ,ุงูุดุงุฑูุฉ,ุฌุฏุฉ-ุงูุณูุงูุฉ,ุงูุชุจุงุณ,ูุง ุฃูุตุญ ุจู ูุทุนู ุงูุทูุจ ุงูููู. ุงูููุฏู ูุงู ุฏูู ุงููุณุชูู ูุงูุฎุฏูุฉ ุจุทูุฆุฉ ุฌุฏูุง.,#ุชุฌุฑุจุฉ #ุบุฏุงุก #ุงูุดุงุฑูุฉ #ุญูุงู #ุชูุตูู #ุงูุทูุจ,66,5,9,ูุง,ูุง,ุงูุนุฑุจูุฉ,ุชูุตูู,ุงูุชูุตูู,ุณูุจู,ุชุฃุฎุฑ ุงูุชูุตูู ูุงูุทูุจ ูุงูุต,1,1,2,1,1,1,iPhone
XT25100438477,2025-10-04,16:47:00,ุฃุจู_ุนูู,ุฌุฏุฉ,ุงูุฑูุงุถ-ุงููุงุณููู,ุงูุชุจุงุณ,ุฃุฌูุงุก ุงููุทุนู ูุฒุฏุญูุฉ ูููููุง. ุงููุจุณุฉ ูุงู ุฌูุฏ ุจุดูู ุนุงู.,#ุฃูู #ูุธุงูุฉ #ุบุฏุงุก #ูุทุงุนู #ุฌุฏุฉ,5,1,0,ูุนู,ูุง,ุงูุนุฑุจูุฉ,ุชูุตูู,ุงููุธุงูุฉ,ูุญุงูุฏ,ูุธุงูุฉ ุฌูุฏุฉ ุฅุฌูุงููุง,3,3,3,3,3,3,Android
XT25102755143,2025-10-27,18:17:00,ุนุจุฏุงููู,ุงูุฎุจุฑ,ุฃุจูุธุจู-ุงูููุฑููุด,ุงูุชุจุงุณ,ุงูุฎุฏูุฉ ุทุจูุนูุฉ ูุงููุธุงูุฉ ุฌูุฏุฉุ ุงูููุจูุงุช ุงููุดููุฉ ูุญุชุงุฌ ุชุญุณูู ุจุณูุท.,#ุบุฏุงุก #ูุทุงุนู #ุญูุงู #ุชูุตูู #ุงูุฎุจุฑ #ุงูุทูุจ,5,2,0,ูุง,ูุนู,ุงูุนุฑุจูุฉ,ุชูุตูู,ุงูุชูุตูู,ูุญุงูุฏ,ูุตู ูู ุงูููุช ุงููุชููุน,3,3,3,3,3,3,Android
XT25100536651,2025-10-05,02:26:00,ุฃูููุฉ,ุงูุฎุจุฑ,ุฏุจู-ุงูุฎูุฑ,ุชุบุฑูุฏุฉ,ุงูุฎุฏูุฉ ุทุจูุนูุฉ ูุงููุธุงูุฉ ุฌูุฏุฉุ ุงููุจุงุจ ูุญุชุงุฌ ุชุญุณูู ุจุณูุท. ๐,#ุฃูู #ุนุดุงุก #ุญูุงู #ูุทุนู_ุงูุทูุจ #ุฎุฏูุฉ,21,2,0,ูุนู,ูุง,ุงูุนุฑุจูุฉ,ุณูุฑู,ุงูุฎุฏูุฉ,ูุญุงูุฏ,ุฎุฏูุฉ ุนุงุฏูุฉ,3,3,3,3,3,3,Android
XT25101453642,2025-10-14,03:46:00,ูุญูุฏ,ุงูุดุงุฑูุฉ,ุงูุฑูุงุถ-ุงูููุฒ,ุชุบุฑูุฏุฉ,ุฒุฑุช ูุทุนู ุงูุทูุจ ุงูููู. ุงูููุณู ุนุงุฏู ูุงูุฎุฏูุฉ ููุจููุฉ.,#ุฃูู #ูุธุงูุฉ #ุงูุทูุจ,22,0,1,ูุนู,ูุง,ุงูุนุฑุจูุฉ,ุฏุงุฎู ุงููุทุนู,ุงููุธุงูุฉ,ูุญุงูุฏ,ูุธุงูุฉ ุฌูุฏุฉ ุฅุฌูุงููุง,3,3,3,3,3,3,ููุจ
XT25110557088,2025-11-05,19:49:00,ูุญูุฏ,ุฃุจูุธุจู,ุฌุฏุฉ-ุงูุฑูุถุฉ,ุฑุฏ,ุงูุฃุณุนุงุฑ ูุฑุชูุนุฉ ููุงุฑูุฉ ุจุงูุฌูุฏุฉ ูู ูุทุนู ุงูุทูุจ. ุงูุดุงูุฑูุง ูุง ูุณุชุญู.,#ุชุฌุฑุจุฉ #ุบุฏุงุก #ุฃุฌูุงุก #ูุทุงุนู #ุญูุงู #ูุทุนู_ุงูุทูุจ,28,2,0,ูุนู,ูุง,ุงูุนุฑุจูุฉ,ุฏุงุฎู ุงููุทุนู,ุงูุฌู ุงูุนุงู,ุณูุจู,ุฅุฒุนุงุฌ ูุฒุญูุฉ ุจุฏูู ุชูุธูู,2,2,2,1,1,1,iPhone
XT25101982173,2025-10-19,13:12:00,ุฃูููุฉ,ููุฉ,ุฌุฏุฉ-ุงูุฑูุถุฉ,ุฑุฏ,ุชุทุจูู ุงูุชูุตูู ูุฎุจุท ุงูุทูุจ ูู ูุทุนู ุงูุทูุจุ ููุญุฏ ุฑุฏ ุนูู ุงูุงุชุตุงูุงุช ๐ก,#ุชุฌุฑุจุฉ #ูุธุงูุฉ #ุบุฏุงุก #ููุฉ #ุชูููู #ุงูุทูุจ,29,2,1,ูุง,ูุง,ุงูุนุฑุจูุฉ,ุณูุฑู,ุงููุธุงูุฉ,ุณูุจู,ุทุงููุงุช ุบูุฑ ูุธููุฉ,1,1,1,1,1,1,Android
XT25100190808,2025-10-01,15:32:00,ุฃูุณ,ุงูุฏูุงู,ุฏุจู-ุงูุฎูุฑ,ุฑุฏ,ุฒุฑุช ูุทุนู ุงูุทูุจ ุงูููู. ุงูุดุงูุฑูุง ุนุงุฏู ูุงูุฎุฏูุฉ ููุจููุฉ.,#ุฃุฌูุงุก #ุนุดุงุก #ุญูุงู #ูุทุนู_ุงูุทูุจ #ุงูุฏูุงู,21,1,1,ูุง,ูุง,ุงูุนุฑุจูุฉ,ุชูุตูู,ุงูุฌู ุงูุนุงู,ูุญุงูุฏ,ุฃุฌูุงุก ูุชูุณุทุฉ,3,3,3,3,3,3,ููุจ
XT25102835156,2025-10-28,14:06:00,ุนุงููุฉ,ููุฉ,ุงูุฏูุงู-ุงูุดุงุทุฆ,ุฑุฏ,ุชุฌุฑุจุฉ ุฑุงุฆุนุฉ ูู ูุทุนู ุงูุทูุจ! ุงููุจุงุจ ูุงู ูุฐูุฐ ุฌุฏูุง ูุงูุฎุฏูุฉ ุณุฑูุนุฉ ๐คฉ,#ูุธุงูุฉ #ุบุฏุงุก #ููุฉ #ูุทุงุนู #ุนุดุงุก,65,6,2,ูุนู,ูุง,ุงูุนุฑุจูุฉ,ุณูุฑู,ุงููุธุงูุฉ,ุฅูุฌุงุจู,ุงูููุงู ูุธูู ูุงูุชุนููู ูุงุถุญ,4,4,5,4,4,4,Android
XT25101140115,2025-10-11,11:31:00,ุดุงุฏู,ุฃุจูุง,ุฃุจูุธุจู-ุงูููุฑููุด,ุงูุชุจุงุณ,ุงูุฃุณุนุงุฑ ูุฑุชูุนุฉ ููุงุฑูุฉ ุจุงูุฌูุฏุฉ ูู ูุทุนู ุงูุทูุจ. ุงูุญููุต ูุง ูุณุชุญู. ๐,#ุชุฌุฑุจุฉ #ุฃูู #ุฃุจูุง #ุงูุฃุณุนุงุฑ #ุญูุงู #ุชูููู #ูุทุนู_ุงูุทูุจ,41,4,1,ูุง,ูุง,ุงูุนุฑุจูุฉ,ุชูุตูู,ุงูุฃุณุนุงุฑ,ุณูุจู,ุงูุณุนุฑ ูุฑุชูุน ููุงุฑูุฉ ุจุงูุฌูุฏุฉ,1,1,2,1,1,1,ููุจ
XT25110620279,2025-11-06,21:43:00,ููุงุก,ุฃุจูุง,ุฏุจู-ุงูุฎูุฑ,ุฑุฏ,ุชุฌุฑุจุฉ ูุชูุณุทุฉ ูู ูุทุนู ุงูุทูุจ. ูุง ุณูุฆ ููุง ููุชุงุฒ.,#ุฃุจูุง #ุบุฏุงุก #ุฌูุฏุฉ_ุงูุทุนุงู #ุญูุงู #ุงูุทูุจ,14,0,0,ูุง,ูุนู,ุงูุนุฑุจูุฉ,ุชูุตูู,ุงูุทุนุงู,ูุญุงูุฏ,ุทุนู ููุจูู ุจูุง ุชููุฒ,3,3,3,3,3,3,ููุจ
XT25103086791,2025-10-30,00:14:00,ุนุจุฏุงููู,ุฃุจูุธุจู,ุงูุฑูุงุถ-ุงูููุฒ,ุงูุชุจุงุณ,ุฒุฑุช ูุทุนู ุงูุทูุจ ุงูููู. ุงูุณูู ุงููุดูู ุนุงุฏู ูุงูุฎุฏูุฉ ููุจููุฉ.,#ุฃูู #ุงูุฃุณุนุงุฑ #ุบุฏุงุก #ุญูุงู #ูุทุนู_ุงูุทูุจ #ุฃุจูุธุจู,17,2,0,ูุนู,ูุง,ุงูุนุฑุจูุฉ,ุชูุตูู,ุงูุฃุณุนุงุฑ,ูุญุงูุฏ,ุฃุณุนุงุฑ ูุชูุณุทุฉ,3,3,3,3,3,3,ููุจ
XT25100134561,2025-10-01,18:28:00,ุฑูู,ุงูุฏูุงู,ุฌุฏุฉ-ุงูุณูุงูุฉ,ุงูุชุจุงุณ,ุงููุธุงูุฉ ุชุญุชุงุฌ ุชุญุณูู ูู ูุทุนู ุงูุทูุจุ ูุงูุทุนู ุนุงุฏู ุฌุฏูุง. ุงูููุชููุดููู ุฎูุจ ุงูุธู. ๐,#ุชุฌุฑุจุฉ #ุฃูู #ุฃุฌูุงุก #ูุทุงุนู #ุญูุงู #ูุทุนู_ุงูุทูุจ #ุงูุฏูุงู,31,3,4,ูุนู,ูุง,ุงูุนุฑุจูุฉ,ุชูุตูู,ุงูุฌู ุงูุนุงู,ุณูุจู,ุฅุฒุนุงุฌ ูุฒุญูุฉ ุจุฏูู ุชูุธูู,2,2,1,2,2,2,iPhone
XT25102518292,2025-10-25,14:08:00,ุชุฑูู,ุงูุฏูุญุฉ,ุฌุฏุฉ-ุงูุณูุงูุฉ,ุฑุฏ,ุฎุฏูุฉ ุฑุงููุฉ ูุงุจุชุณุงูุฉ ูู ุงูููุธููู ูู ูุทุนู ุงูุทูุจ. ุงูุดุงูุฑูุง ูุงู ููุชุงุฒ ๐,#ูุธุงูุฉ #ุบุฏุงุก #ุงูุฏูุญุฉ #ุนุดุงุก #ูุทุนู_ุงูุทูุจ,45,4,3,ูุนู,ูุง,ุงูุนุฑุจูุฉ,ุชูุตูู,ุงููุธุงูุฉ,ุฅูุฌุงุจู,ุงูููุงู ูุธูู ูุงูุชุนููู ูุงุถุญ,5,4,5,4,4,5,iPhone
XT25102236326,2025-10-22,23:21:00,ุฃูุณ,ุฃุจูุง,ุฌุฏุฉ-ุงูุฑูุถุฉ,ุชุบุฑูุฏุฉ,ุงูุฃุณุนุงุฑ ูุฑุชูุนุฉ ููุงุฑูุฉ ุจุงูุฌูุฏุฉ ูู ูุทุนู ุงูุทูุจ. ุงูููุณู ูุง ูุณุชุญู.,#ุชุฌุฑุจุฉ #ุฃูู #ุฃุจูุง #ุชูููู #ุชูุตูู,37,1,3,ูุนู,ูุง,ุงูุนุฑุจูุฉ,ุชูุตูู,ุงูุชูุตูู,ุณูุจู,ุชุฃุฎุฑ ุงูุชูุตูู ูุงูุทูุจ ูุงูุต,1,2,2,2,2,2,iPhone
XT25100319064,2025-10-03,08:29:00,ุฑูู,ุฃุจูุธุจู,ุฏุจู-ุงูุฎูุฑ,ุฑุฏ,ุฎุฏูุฉ ุฑุงููุฉ ูุงุจุชุณุงูุฉ ูู ุงูููุธููู ูู ูุทุนู ุงูุทูุจ. ุงูููุณู ูุงู ููุชุงุฒ ๐ ๐ฅ,#ุนุดุงุก #ุญูุงู #ุฎุฏูุฉ #ุฃุจูุธุจู #ุงูุทูุจ,81,14,1,ูุง,ูุง,ุงูุนุฑุจูุฉ,ุณูุฑู,ุงูุฎุฏูุฉ,ุฅูุฌุงุจู,ุชุนุงูู ูุญุชุฑู ูุณุฑุนุฉ ูู ุงูุงุณุชุฌุงุจุฉ,5,4,5,5,5,5,ููุจ
XT25100694545,2025-10-06,12:49:00,ุนุจุฏุงููู,ุงูุฑูุงุถ,ุฃุจูุธุจู-ุงูููุฑููุด,ุฑุฏ,ุชุทุจูู ุงูุชูุตูู ูุฎุจุท ุงูุทูุจ ูู ูุทุนู ุงูุทูุจุ ููุญุฏ ุฑุฏ ุนูู ุงูุงุชุตุงูุงุช ๐ก,#ูุทุนู_ุงูุทูุจ #ูุทุงุนู #ุชูุตูู #ุงูุทูุจ #ุงูุฑูุงุถ,26,1,3,ูุง,ูุนู,ุงูุนุฑุจูุฉ,ุชูุตูู,ุงูุชูุตูู,ุณูุจู,ุชุฃุฎุฑ ุงูุชูุตูู ูุงูุทูุจ ูุงูุต,1,2,2,2,2,1,Android
XT25100937114,2025-10-09,08:09:00,ููุงุก,ุงูุฑูุงุถ,ุฌุฏุฉ-ุงูุณูุงูุฉ,ุฑุฏ,ุงููุธุงูุฉ ุชุญุชุงุฌ ุชุญุณูู ูู ูุทุนู ุงูุทูุจุ ูุงูุทุนู ุนุงุฏู ุฌุฏูุง. ุงูููุฏู ุฎูุจ ุงูุธู. ๐,#ุฃูู #ุบุฏุงุก #ุญูุงู #ุงูุฃุณุนุงุฑ #ุงูุทูุจ #ุงูุฑูุงุถ,19,1,1,ูุนู,ูุง,ุงูุนุฑุจูุฉ,ุณูุฑู,ุงูุฃุณุนุงุฑ,ุณูุจู,ุงูุณุนุฑ ูุฑุชูุน ููุงุฑูุฉ ุจุงูุฌูุฏุฉ,1,1,1,2,1,1,ููุจ
XT25102896154,2025-10-28,23:14:00,ุฑูู,ุงูุฎุจุฑ,ุฌุฏุฉ-ุงูุณูุงูุฉ,ุชุบุฑูุฏุฉ,ุฎุฏูุฉ ุฑุงููุฉ ูุงุจุชุณุงูุฉ ูู ุงูููุธููู ูู ูุทุนู ุงูุทูุจ. ุงูููุจูุงุช ุงููุดููุฉ ูุงู ููุชุงุฒ ๐ ๐ฅ,#ุชุฌุฑุจุฉ #ูุธุงูุฉ #ุบุฏุงุก #ูุทุงุนู #ุนุดุงุก #ุงูุฎุจุฑ,68,8,3,ูุนู,ูุง,ุงูุนุฑุจูุฉ,ุฏุงุฎู ุงููุทุนู,ุงููุธุงูุฉ,ุฅูุฌุงุจู,ุงูููุงู ูุธูู ูุงูุชุนููู ูุงุถุญ,5,4,4,4,5,5,iPhone
XT25110470012,2025-11-04,05:20:00,ุนุงููุฉ,ุชุจูู,ุงูุฑูุงุถ-ุงููุงุณููู,ุงูุชุจุงุณ,ุงูุฎุฏูุฉ ุทุจูุนูุฉ ูุงููุธุงูุฉ ุฌูุฏุฉุ ุงููุจุงุจ ูุญุชุงุฌ ุชุญุณูู ุจุณูุท.,#ุชุฌุฑุจุฉ #ุชุจูู #ุฌูุฏุฉ_ุงูุทุนุงู #ูุทุงุนู #ุนุดุงุก #ุญูุงู #ูุทุนู_ุงูุทูุจ,24,2,0,ูุง,ูุง,ุงูุนุฑุจูุฉ,ุฏุงุฎู ุงููุทุนู,ุงูุทุนุงู,ูุญุงูุฏ,ุทุนู ููุจูู ุจูุง ุชููุฒ,3,3,3,3,3,3,Android
XT25102893296,2025-10-28,04:08:00,ุตูุฑ,ุฌุฏุฉ,ุฏุจู-ุงูุฎูุฑ,ุงูุชุจุงุณ,ุงูุฃุณุนุงุฑ ููุงุณุจุฉ ููุงุจู ุงูุฌูุฏุฉ ูู ูุทุนู ุงูุทูุจ. ุฎุตูุตูุง ุงูุณูู ุงููุดูู ๐ ๐,#ุบุฏุงุก #ุญูุงู #ุชูููู #ุฎุฏูุฉ #ุฌุฏุฉ,61,7,3,ูุนู,ูุง,ุงูุนุฑุจูุฉ,ุณูุฑู,ุงูุฎุฏูุฉ,ุฅูุฌุงุจู,ุชุนุงูู ูุญุชุฑู ูุณุฑุนุฉ ูู ุงูุงุณุชุฌุงุจุฉ,4,5,4,5,4,4,Android
XT25102814044,2025-10-28,07:53:00,ูุงุณุฑ,ุฏุจู,ุฌุฏุฉ-ุงูุฑูุถุฉ,ุชุบุฑูุฏุฉ,ุฃุฌูุงุก ุงููุทุนู ูุฒุฏุญูุฉ ูููููุง. ุงููุชูุด ูุงู ุฌูุฏ ุจุดูู ุนุงู.,#ูุธุงูุฉ #ุบุฏุงุก #ุนุดุงุก #ุฏุจู #ุชูููู,29,1,6,ูุนู,ูุง,ุงูุนุฑุจูุฉ,ุชูุตูู,ุงููุธุงูุฉ,ูุญุงูุฏ,ูุธุงูุฉ ุฌูุฏุฉ ุฅุฌูุงููุง,3,3,3,3,3,3,Android
XT25102565725,2025-10-25,02:52:00,Bassam_A,ุฏุจู,ุฏุจู-ุงูุฎูุฑ,ุงูุชุจุงุณ,ุฎุฏูุฉ ุฑุงููุฉ ูุงุจุชุณุงูุฉ ูู ุงูููุธููู ูู ูุทุนู ุงูุทูุจ. ุงูููุฏู ูุงู ููุชุงุฒ ๐ ๐ฅ,#ูุธุงูุฉ #ุนุดุงุก #ูุทุงุนู,68,19,2,ูุนู,ูุง,ุงูุนุฑุจูุฉ,ุณูุฑู,ุงููุธุงูุฉ,ุฅูุฌุงุจู,ุงูููุงู ูุธูู ูุงูุชุนููู ูุงุถุญ,4,5,4,4,4,5,ููุจ
XT25101480617,2025-10-14,15:51:00,ุชุฑูู,ุฃุจูุธุจู,ุฌุฏุฉ-ุงูุฑูุถุฉ,ุงูุชุจุงุณ,ูุง ุฃูุตุญ ุจู ูุทุนู ุงูุทูุจ ุงูููู. ุงูููุชููุดููู ูุงู ุฏูู ุงููุณุชูู ูุงูุฎุฏูุฉ ุจุทูุฆุฉ ุฌุฏูุง.,#ุชุฌุฑุจุฉ #ุชูููู #ุนุดุงุก #ุฃุฌูุงุก,15,4,1,ูุนู,ูุง,ุงูุนุฑุจูุฉ,ุชูุตูู,ุงูุฌู ุงูุนุงู,ุณูุจู,ุฅุฒุนุงุฌ ูุฒุญูุฉ ุจุฏูู ุชูุธูู,1,1,2,1,2,1,ููุจ
XT25102719898,2025-10-27,00:09:00,ููุฑุฉ,ุงูุฏูุงู,ุฌุฏุฉ-ุงูุณูุงูุฉ,ุงูุชุจุงุณ,ุฌูุณุงุช ูุฒุนุฌุฉ ูุตูุช ุนุงููุ ูุงูููุจูุงุช ุงููุดููุฉ ูุงูุญ ุฃูุซุฑ ูู ุงููุงุฒู ูู ูุทุนู ุงูุทูุจ. ๐คทโโ๏ธ,#ุฃูู #ุบุฏุงุก #ุญูุงู #ุนุดุงุก #ุชูููู #ุฎุฏูุฉ,53,3,3,ูุนู,ูุง,ุงูุนุฑุจูุฉ,ุฏุงุฎู ุงููุทุนู,ุงูุฎุฏูุฉ,ุณูุจู,ุชุฃุฎูุฑ ูุงุถุญ ูุนุฏู ุงูุชูุงู,1,2,2,1,2,1,Android
XT25102316021,2025-10-23,02:36:00,Bassam_A,ุงูุฎุจุฑ,ุฏุจู-ุงูุฎูุฑ,ุฑุฏ,ุงููุธุงูุฉ ุชุญุชุงุฌ ุชุญุณูู ูู ูุทุนู ุงูุทูุจุ ูุงูุทุนู ุนุงุฏู ุฌุฏูุง. ุงููุจุงุจ ุฎูุจ ุงูุธู.,#ุงูุฃุณุนุงุฑ #ุงูุฎุจุฑ #ุงูุทูุจ #ูุทุงุนู,16,1,2,ูุง,ูุง,ุงูุนุฑุจูุฉ,ุณูุฑู,ุงูุฃุณุนุงุฑ,ุณูุจู,ุงูุณุนุฑ ูุฑุชูุน ููุงุฑูุฉ ุจุงูุฌูุฏุฉ,1,1,2,1,2,1,ููุจ
XT25101121953,2025-10-11,10:25:00,Bassam_A,ุงููุฏููุฉ,ุงูุฑูุงุถ-ุงูููุฒ,ุชุบุฑูุฏุฉ,ุฃุฌูุงุก ูุงุฏุฆุฉ ูุฃูู ููุชุญ ุงูููุณ ูู ูุทุนู ุงูุทูุจ. ุฃูุตุญ ุจู ุงูููุฏู ๐,#ุชุฌุฑุจุฉ #ุงููุฏููุฉ #ุนุดุงุก #ุชูุตูู #ุงูุทูุจ,53,5,9,ูุนู,ูุง,ุงูุนุฑุจูุฉ,ุฏุงุฎู ุงููุทุนู,ุงูุชูุตูู,ุฅูุฌุงุจู,ุงูุชูุตูู ุณุฑูุน ูุงูุชุบููู ูุญูู,4,5,4,5,4,5,iPhone
XT25100727451,2025-10-07,19:23:00,ููุง,ุงูุฎุจุฑ,ุงูุฑูุงุถ-ุงูููุฒ,ุงูุชุจุงุณ,ุงูุฎุฏูุฉ ุทุจูุนูุฉ ูุงููุธุงูุฉ ุฌูุฏุฉุ ุงูููุฏู ูุญุชุงุฌ ุชุญุณูู ุจุณูุท.,#ุฃูู #ูุทุนู_ุงูุทูุจ #ุนุดุงุก #ุงูุฃุณุนุงุฑ #ุงูุฎุจุฑ #ุงูุทูุจ,13,0,0,ูุง,ูุง,ุงูุนุฑุจูุฉ,ุชูุตูู,ุงูุฃุณุนุงุฑ,ูุญุงูุฏ,ุฃุณุนุงุฑ ูุชูุณุทุฉ,3,3,3,3,3,3,ููุจ
XT25100666280,2025-10-06,12:08:00,ุฃูููุฉ,ุงูุฏูุงู,ุฃุจูุธุจู-ุงูููุฑููุด,ุชุบุฑูุฏุฉ,ุงูุฃุณุนุงุฑ ููุงุณุจุฉ ููุงุจู ุงูุฌูุฏุฉ ูู ูุทุนู ุงูุทูุจ. ุฎุตูุตูุง ุงูููุณู ๐ ๐คทโโ๏ธ,#ุฃูู #ุงูุฃุณุนุงุฑ #ุนุดุงุก #ุงูุฏูุงู,64,8,1,ูุนู,ูุง,ุงูุนุฑุจูุฉ,ุชูุตูู,ุงูุฃุณุนุงุฑ,ุฅูุฌุงุจู,ูููุฉ ุฑุงุฆุนุฉ ููุงุจู ุงูุณุนุฑ,5,4,5,4,4,5,Android
XT25110284498,2025-11-02,05:38:00,ุฑูู,ุงูุดุงุฑูุฉ,ุฌุฏุฉ-ุงูุฑูุถุฉ,ุงูุชุจุงุณ,ุงูุฃุณุนุงุฑ ูุฑุชูุนุฉ ููุงุฑูุฉ ุจุงูุฌูุฏุฉ ูู ูุทุนู ุงูุทูุจ. ุงูุดุงูุฑูุง ูุง ูุณุชุญู. ๐คทโโ๏ธ,#ุบุฏุงุก #ุฌูุฏุฉ_ุงูุทุนุงู #ูุทุงุนู #ุญูุงู #ุงูุดุงุฑูุฉ #ุชูููู #ูุทุนู_ุงูุทูุจ,13,3,1,ูุง,ูุนู,ุงูุนุฑุจูุฉ,ุณูุฑู,ุงูุทุนุงู,ุณูุจู,ุงูุทุนู ุจุงูุช ูุงููุฌุจุฉ ุจุงุฑุฏุฉ,1,1,1,2,2,2,Android
XT25110936633,2025-11-09,13:17:00,ููุง,ุงูุฏูุญุฉ,ุงูุฏูุงู-ุงูุดุงุทุฆ,ุฑุฏ,ุงูุฃุณุนุงุฑ ููุงุณุจุฉ ููุงุจู ุงูุฌูุฏุฉ ูู ูุทุนู ุงูุทูุจ. ุฎุตูุตูุง ุงูููุฏู ๐,#ุฃูู #ุงูุฏูุญุฉ #ุชูููู #ุงูุฃุณุนุงุฑ #ุงูุทูุจ,35,3,4,ูุนู,ูุง,ุงูุนุฑุจูุฉ,ุฏุงุฎู ุงููุทุนู,ุงูุฃุณุนุงุฑ,ุฅูุฌุงุจู,ูููุฉ ุฑุงุฆุนุฉ ููุงุจู ุงูุณุนุฑ,4,4,4,5,4,5,ููุจ
XT25101255443,2025-10-12,12:00:00,ููุงุก,ุฃุจูุธุจู,ุงูุฏูุงู-ุงูุดุงุทุฆ,ุงูุชุจุงุณ,ุงูุฎุฏูุฉ ุทุจูุนูุฉ ูุงููุธุงูุฉ ุฌูุฏุฉุ ุงููุจุงุจ ูุญุชุงุฌ ุชุญุณูู ุจุณูุท.,#ุชุฌุฑุจุฉ #ุชูููู #ุฌูุฏุฉ_ุงูุทุนุงู #ุงูุทูุจ,5,4,1,ูุนู,ูุง,ุงูุนุฑุจูุฉ,ุชูุตูู,ุงูุทุนุงู,ูุญุงูุฏ,ุทุนู ููุจูู ุจูุง ุชููุฒ,3,3,3,3,3,3,iPhone
XT25101857202,2025-10-18,07:36:00,ุฃุจู_ุนูู,ุงูุฑูุงุถ,ุฌุฏุฉ-ุงูุณูุงูุฉ,ุงูุชุจุงุณ,ุฃุฌูุงุก ูุงุฏุฆุฉ ูุฃูู ููุชุญ ุงูููุณ ูู ูุทุนู ุงูุทูุจ. ุฃูุตุญ ุจู ุงูููุชููุดููู ๐,#ุฃูู #ุญูุงู #ุชูุตูู #ุงูุทูุจ #ุงูุฑูุงุถ,65,13,4,ูุนู,ูุง,ุงูุนุฑุจูุฉ,ุชูุตูู,ุงูุชูุตูู,ุฅูุฌุงุจู,ุงูุชูุตูู ุณุฑูุน ูุงูุชุบููู ูุญูู,4,4,4,4,4,4,iPhone
XT25110664559,2025-11-06,07:47:00,ุฃูููุฉ,ุชุจูู,ุฌุฏุฉ-ุงูุฑูุถุฉ,ุชุบุฑูุฏุฉ,ุฃูู ุฒูุงุฑุฉ ูู ูุทุนู ุงูุทูุจ ููุงูุช ููู ุงูุชููุนุงุช. ุงูููุชููุดููู ูุณุชุงูู ุงูุชุฌุฑุจุฉ ๐ ๐,#ุฃูู #ุชุจูู #ูุทุนู_ุงูุทูุจ #ูุทุงุนู #ุนุดุงุก #ุชูุตูู,72,7,5,ูุนู,ูุง,ุงูุนุฑุจูุฉ,ุฏุงุฎู ุงููุทุนู,ุงูุชูุตูู,ุฅูุฌุงุจู,ุงูุชูุตูู ุณุฑูุน ูุงูุชุบููู ูุญูู,5,4,5,5,5,5,iPhone
XT25102135614,2025-10-21,08:39:00,ุตูุฑ,ุฏุจู,ุฃุจูุธุจู-ุงูููุฑููุด,ุชุบุฑูุฏุฉ,ุฃุฌูุงุก ูุงุฏุฆุฉ ูุฃูู ููุชุญ ุงูููุณ ูู ูุทุนู ุงูุทูุจ. ุฃูุตุญ ุจู ุงููุจุณุฉ ๐ ๐ฏ,#ุบุฏุงุก #ูุทุนู_ุงูุทูุจ #ุฏุจู #ุงูุฃุณุนุงุฑ,30,0,3,ูุง,ูุง,ุงูุนุฑุจูุฉ,ุชูุตูู,ุงูุฃุณุนุงุฑ,ุฅูุฌุงุจู,ูููุฉ ุฑุงุฆุนุฉ ููุงุจู ุงูุณุนุฑ,4,5,4,5,5,4,iPhone
XT25101158823,2025-10-11,07:17:00,ุญูุฏ,ุฏุจู,ุฏุจู-ุงูุฎูุฑ,ุชุบุฑูุฏุฉ,ูุทุนู ุงูุทูุจ ุชูููู ุงูููู! ุงูุทุนู ููุชุงุฒ ูุงููุธุงูุฉ ูุงุถุญุฉ. ุงูููุชููุดููู ๐ฅ,#ุชุฌุฑุจุฉ #ุบุฏุงุก #ุนุดุงุก #ุฏุจู #ุฎุฏูุฉ #ุงูุทูุจ,30,14,2,ูุง,ูุง,ุงูุนุฑุจูุฉ,ุณูุฑู,ุงูุฎุฏูุฉ,ุฅูุฌุงุจู,ุชุนุงูู ูุญุชุฑู ูุณุฑุนุฉ ูู ุงูุงุณุชุฌุงุจุฉ,4,4,5,5,5,5,ููุจ
XT25101368925,2025-10-13,13:49:00,ุญูุฏ,ุงูุฏูุญุฉ,ุฌุฏุฉ-ุงูุฑูุถุฉ,ุฑุฏ,ูุทุนู ุงูุทูุจ ุชูููู ุงูููู! ุงูุทุนู ููุชุงุฒ ูุงููุธุงูุฉ ูุงุถุญุฉ. ุงูุณูู ุงููุดูู ๐ฅ ๐,#ุฃูู #ุงูุฏูุญุฉ #ูุทุงุนู #ุญูุงู #ุชูุตูู,78,11,4,ูุนู,ูุง,ุงูุนุฑุจูุฉ,ุณูุฑู,ุงูุชูุตูู,ุฅูุฌุงุจู,ุงูุชูุตูู ุณุฑูุน ูุงูุชุบููู ูุญูู,4,4,4,5,4,4,Android
XT25102082105,2025-10-20,17:52:00,ูุงุณุฑ,ุงูุฏูุงู,ุงูุฑูุงุถ-ุงูููุฒ,ุฑุฏ,ุทูุจุช ุงูุดุงูุฑูุง ูู ูุทุนู ุงูุทูุจ. ุงูุชูุตูู ูู ุงูููุชุ ูุงูุทุนู ููุจูู. ๐,#ุชูููู #ูุทุนู_ุงูุทูุจ #ุฌูุฏุฉ_ุงูุทุนุงู #ุงูุฏูุงู,8,2,1,ูุง,ูุง,ุงูุนุฑุจูุฉ,ุฏุงุฎู ุงููุทุนู,ุงูุทุนุงู,ูุญุงูุฏ,ุทุนู ููุจูู ุจูุง ุชููุฒ,3,3,3,3,3,3,iPhone
XT25100794670,2025-10-07,03:37:00,ุญูุฏ,ุงูุฎุจุฑ,ุฃุจูุธุจู-ุงูููุฑููุด,ุชุบุฑูุฏุฉ,ุงูุฎุฏูุฉ ุทุจูุนูุฉ ูุงููุธุงูุฉ ุฌูุฏุฉุ ุงูุณูู ุงููุดูู ูุญุชุงุฌ ุชุญุณูู ุจุณูุท.,#ุฃูู #ูุทุนู_ุงูุทูุจ #ุงูุฎุจุฑ #ุงูุฃุณุนุงุฑ,16,4,1,ูุง,ูุนู,ุงูุนุฑุจูุฉ,ุฏุงุฎู ุงููุทุนู,ุงูุฃุณุนุงุฑ,ูุญุงูุฏ,ุฃุณุนุงุฑ ูุชูุณุทุฉ,3,3,3,3,3,3,ููุจ
XT25102829481,2025-10-28,14:22:00,ุฃุจู_ุนูู,ุฃุจูุง,ุงูุฏูุงู-ุงูุดุงุทุฆ,ุงูุชุจุงุณ,ูุทุนู ุงูุทูุจ ุชูููู ุงูููู! ุงูุทุนู ููุชุงุฒ ูุงููุธุงูุฉ ูุงุถุญุฉ. ุงูููุชููุดููู ๐ฅ โญ,#ุชุฌุฑุจุฉ #ุฃูู #ุฃุจูุง #ุบุฏุงุก #ุฃุฌูุงุก #ุชูููู,44,3,3,ูุนู,ูุง,ุงูุนุฑุจูุฉ,ุฏุงุฎู ุงููุทุนู,ุงูุฌู ุงูุนุงู,ุฅูุฌุงุจู,ุฃุฌูุงุก ูุฑูุญุฉ ูููุณููู ูุงุฏุฆุฉ,4,5,5,4,5,4,ููุจ
XT25102460905,2025-10-24,00:34:00,ููููุฉ,ุฏุจู,ุงูุฑูุงุถ-ุงููุงุณููู,ุชุบุฑูุฏุฉ,ุชุฌุฑุจุฉ ุฑุงุฆุนุฉ ูู ูุทุนู ุงูุทูุจ! ุงูุญููุต ูุงู ูุฐูุฐ ุฌุฏูุง ูุงูุฎุฏูุฉ ุณุฑูุนุฉ ๐คฉ,#ุบุฏุงุก #ุฏุจู #ุชูููู #ูุทุนู_ุงูุทูุจ #ุฎุฏูุฉ,59,1,5,ูุง,ูุง,ุงูุนุฑุจูุฉ,ุชูุตูู,ุงูุฎุฏูุฉ,ุฅูุฌุงุจู,ุชุนุงูู ูุญุชุฑู ูุณุฑุนุฉ ูู ุงูุงุณุชุฌุงุจุฉ,5,4,4,4,4,4,Android
XT25102557026,2025-10-25,20:59:00,ูุงุฏุฑ,ุฏุจู,ุงูุฑูุงุถ-ุงูููุฒ,ุงูุชุจุงุณ,ุชุฌุฑุจุฉ ูุชูุณุทุฉ ูู ูุทุนู ุงูุทูุจ. ูุง ุณูุฆ ููุง ููุชุงุฒ.,#ุฃูู #ุฃุฌูุงุก #ูุทุงุนู #ุนุดุงุก #ุฏุจู #ุญูุงู #ุงูุทูุจ,9,2,0,ูุง,ูุง,ุงูุนุฑุจูุฉ,ุณูุฑู,ุงูุฌู ุงูุนุงู,ูุญุงูุฏ,ุฃุฌูุงุก ูุชูุณุทุฉ,3,3,3,3,3,3,ููุจ
XT25110890495,2025-11-08,16:01:00,ุดุงุฏู,ููุฉ,ุฃุจูุธุจู-ุงูููุฑููุด,ุชุบุฑูุฏุฉ,ุชุฌุฑุจุฉ ุฑุงุฆุนุฉ ูู ูุทุนู ุงูุทูุจ! ุงููุชูุด ูุงู ูุฐูุฐ ุฌุฏูุง ูุงูุฎุฏูุฉ ุณุฑูุนุฉ ๐คฉ ๐คทโโ๏ธ,#ุชุฌุฑุจุฉ #ููุฉ #ูุทุงุนู #ุญูุงู #ุชูููู #ุฎุฏูุฉ,57,3,9,ูุนู,ูุง,ุงูุนุฑุจูุฉ,ุชูุตูู,ุงูุฎุฏูุฉ,ุฅูุฌุงุจู,ุชุนุงูู ูุญุชุฑู ูุณุฑุนุฉ ูู ุงูุงุณุชุฌุงุจุฉ,4,4,5,4,5,5,ููุจ
XT25102990440,2025-10-29,05:31:00,ุฎุงูุฏ,ุฌุฏุฉ,ุงูุฑูุงุถ-ุงููุงุณููู,ุงูุชุจุงุณ,ุงููุธุงูุฉ ุชุญุชุงุฌ ุชุญุณูู ูู ูุทุนู ุงูุทูุจุ ูุงูุทุนู ุนุงุฏู ุฌุฏูุง. ุงููุจุงุจ ุฎูุจ ุงูุธู. ๐,#ุชุฌุฑุจุฉ #ุฃูู #ุบุฏุงุก #ุชูููู #ุชูุตูู #ุฌุฏุฉ,48,8,1,ูุง,ูุง,ุงูุนุฑุจูุฉ,ุชูุตูู,ุงูุชูุตูู,ุณูุจู,ุชุฃุฎุฑ ุงูุชูุตูู ูุงูุทูุจ ูุงูุต,2,1,1,2,1,1,Android
XT25101237483,2025-10-12,05:56:00,ูุงุณุฑ,ุงูุฏูุงู,ุฏุจู-ุงูุฎูุฑ,ุชุบุฑูุฏุฉ,ูุง ุฃูุตุญ ุจู ูุทุนู ุงูุทูุจ ุงูููู. ุงูููุฏู ูุงู ุฏูู ุงููุณุชูู ูุงูุฎุฏูุฉ ุจุทูุฆุฉ ุฌุฏูุง. โจ,#ูุทุนู_ุงูุทูุจ #ูุทุงุนู #ุนุดุงุก #ุญูุงู #ุชูุตูู,22,2,0,ูุนู,ูุง,ุงูุนุฑุจูุฉ,ุณูุฑู,ุงูุชูุตูู,ุณูุจู,ุชุฃุฎุฑ ุงูุชูุตูู ูุงูุทูุจ ูุงูุต,2,1,2,2,2,2,ููุจ
XT25101544226,2025-10-15,14:28:00,Bassam_A,ุฃุจูุง,ุงูุฑูุงุถ-ุงูููุฒ,ุฑุฏ,ุฎุฏูุฉ ุฑุงููุฉ ูุงุจุชุณุงูุฉ ูู ุงูููุธููู ูู ูุทุนู ุงูุทูุจ. ุงููุชูุด ูุงู ููุชุงุฒ ๐,#ุฌูุฏุฉ_ุงูุทุนุงู #ุงูุทูุจ #ูุทุงุนู,27,2,2,ูุนู,ูุง,ุงูุนุฑุจูุฉ,ุฏุงุฎู ุงููุทุนู,ุงูุทุนุงู,ุฅูุฌุงุจู,ุงูุทุนู ููุชุงุฒ ูุชุชุจููุฉ ูุชูุงุฒูุฉ,5,5,4,5,4,5,iPhone
XT25102822571,2025-10-28,07:35:00,ุฃุจู_ุนูู,ุงูุฑูุงุถ,ุฌุฏุฉ-ุงูุณูุงูุฉ,ุงูุชุจุงุณ,ุชุฌุฑุจุฉ ูุชูุณุทุฉ ูู ูุทุนู ุงูุทูุจ. ูุง ุณูุฆ ููุง ููุชุงุฒ.,#ุชุฌุฑุจุฉ #ุฌูุฏุฉ_ุงูุทุนุงู #ุญูุงู #ุชูููู #ูุทุนู_ุงูุทูุจ #ุงูุทูุจ #ุงูุฑูุงุถ,19,0,0,ูุนู,ูุง,ุงูุนุฑุจูุฉ,ุชูุตูู,ุงูุทุนุงู,ูุญุงูุฏ,ุทุนู ููุจูู ุจูุง ุชููุฒ,3,3,3,3,3,3,ููุจ
XT25111096643,2025-11-10,18:05:00,ููููุฉ,ุฃุจูุธุจู,ุงูุฑูุงุถ-ุงูููุฒ,ุงูุชุจุงุณ,ููุฃุณู ุงูุชุฌุฑุจุฉ ุณูุฆุฉ ุงูููู ูู ูุทุนู ุงูุทูุจ. ุชุฃุฎูุฑ ูุจูุฑ ูุงูุทูุจ ูุตู ุจุงุฑุฏ ๐ ๐,#ุบุฏุงุก #ูุทุงุนู #ุชูููู #ุงูุฃุณุนุงุฑ #ุฃุจูุธุจู #ุงูุทูุจ,38,6,1,ูุง,ูุง,ุงูุนุฑุจูุฉ,ุณูุฑู,ุงูุฃุณุนุงุฑ,ุณูุจู,ุงูุณุนุฑ ูุฑุชูุน ููุงุฑูุฉ ุจุงูุฌูุฏุฉ,2,2,2,1,2,1,iPhone
XT25110460738,2025-11-04,22:48:00,ููุงุก,ุงูุฏูุญุฉ,ุฌุฏุฉ-ุงูุณูุงูุฉ,ุงูุชุจุงุณ,ุชุฌุฑุจุฉ ุฑุงุฆุนุฉ ูู ูุทุนู ุงูุทูุจ! ุงูููุฏู ูุงู ูุฐูุฐ ุฌุฏูุง ูุงูุฎุฏูุฉ ุณุฑูุนุฉ ๐คฉ,#ุชุฌุฑุจุฉ #ุบุฏุงุก #ุงูุฏูุญุฉ #ุฃุฌูุงุก #ุนุดุงุก #ุญูุงู #ุงูุทูุจ,57,4,1,ูุนู,ูุง,ุงูุนุฑุจูุฉ,ุชูุตูู,ุงูุฌู ุงูุนุงู,ุฅูุฌุงุจู,ุฃุฌูุงุก ูุฑูุญุฉ ูููุณููู ูุงุฏุฆุฉ,4,4,4,5,4,4,iPhone
XT25102818783,2025-10-28,15:52:00,ููุฑุฉ,ุงูุฎุจุฑ,ุฌุฏุฉ-ุงูุณูุงูุฉ,ุงูุชุจุงุณ,ุงูุฃุณุนุงุฑ ูุฑุชูุนุฉ ููุงุฑูุฉ ุจุงูุฌูุฏุฉ ูู ูุทุนู ุงูุทูุจ. ุงููุจุณุฉ ูุง ูุณุชุญู. โญ,#ุฃูู #ุงูุฎุจุฑ #ูุทุงุนู #ุชูููู #ุฎุฏูุฉ,30,4,1,ูุนู,ูุง,ุงูุนุฑุจูุฉ,ุฏุงุฎู ุงููุทุนู,ุงูุฎุฏูุฉ,ุณูุจู,ุชุฃุฎูุฑ ูุงุถุญ ูุนุฏู ุงูุชูุงู,2,1,2,1,1,1,iPhone
XT25102746099,2025-10-27,17:24:00,ุนุจุฏุงููู,ุฃุจูุธุจู,ุงูุฑูุงุถ-ุงููุงุณููู,ุงูุชุจุงุณ,ูุทุนู ุงูุทูุจ ููุฏู ุฎูุงุฑุงุช ูุชููุนุฉ. ุงูุฃุณุนุงุฑ ูุชูุณุทุฉ.,#ุบุฏุงุก #ุฌูุฏุฉ_ุงูุทุนุงู #ูุทุงุนู #ุญูุงู #ุชูููู #ูุทุนู_ุงูุทูุจ #ุฃุจูุธุจู,17,1,1,ูุนู,ูุง,ุงูุนุฑุจูุฉ,ุณูุฑู,ุงูุทุนุงู,ูุญุงูุฏ,ุทุนู ููุจูู ุจูุง ุชููุฒ,3,3,3,3,3,3,Android
XT25100764627,2025-10-07,16:08:00,ุนุงููุฉ,ุงููุฏููุฉ,ุฏุจู-ุงูุฎูุฑ,ุชุบุฑูุฏุฉ,ุงููุธุงูุฉ ุชุญุชุงุฌ ุชุญุณูู ูู ูุทุนู ุงูุทูุจุ ูุงูุทุนู ุนุงุฏู ุฌุฏูุง. ุงูุณูู ุงููุดูู ุฎูุจ ุงูุธู. ๐,#ุชุฌุฑุจุฉ #ุฌูุฏุฉ_ุงูุทุนุงู #ุงูุทูุจ,30,5,4,ูุนู,ูุง,ุงูุนุฑุจูุฉ,ุณูุฑู,ุงูุทุนุงู,ุณูุจู,ุงูุทุนู ุจุงูุช ูุงููุฌุจุฉ ุจุงุฑุฏุฉ,2,1,1,1,2,2,iPhone
XT25100470846,2025-10-04,16:02:00,ููุงุก,ุฏุจู,ุฌุฏุฉ-ุงูุณูุงูุฉ,ุงูุชุจุงุณ,ุชุฌุฑุจุฉ ูุชูุณุทุฉ ูู ูุทุนู ุงูุทูุจ. ูุง ุณูุฆ ููุง ููุชุงุฒ. ๐คทโโ๏ธ,#ูุทุนู_ุงูุทูุจ #ูุธุงูุฉ #ุฏุจู #ุงูุทูุจ,19,1,0,ูุง,ูุง,ุงูุนุฑุจูุฉ,ุฏุงุฎู ุงููุทุนู,ุงููุธุงูุฉ,ูุญุงูุฏ,ูุธุงูุฉ ุฌูุฏุฉ ุฅุฌูุงููุง,3,3,3,3,3,3,Android
XT25100638091,2025-10-06,18:01:00,ูุงุณุฑ,ุฃุจูุธุจู,ุฏุจู-ุงูุฎูุฑ,ุชุบุฑูุฏุฉ,ุงููุธุงูุฉ ุชุญุชุงุฌ ุชุญุณูู ูู ูุทุนู ุงูุทูุจุ ูุงูุทุนู ุนุงุฏู ุฌุฏูุง. ุงูุณูู ุงููุดูู ุฎูุจ ุงูุธู. ๐คทโโ๏ธ,#ุชุฌุฑุจุฉ #ุฃูู #ูุธุงูุฉ #ุบุฏุงุก #ุชูููู #ุฃุจูุธุจู,31,10,1,ูุง,ูุง,ุงูุนุฑุจูุฉ,ุชูุตูู,ุงููุธุงูุฉ,ุณูุจู,ุทุงููุงุช ุบูุฑ ูุธููุฉ,1,2,1,1,1,1,Android
XT25102362055,2025-10-23,23:16:00,ูุงุฏุฑ,ุฃุจูุธุจู,ุงูุฑูุงุถ-ุงูููุฒ,ุชุบุฑูุฏุฉ,ุฃุฌูุงุก ุงููุทุนู ูุฒุฏุญูุฉ ูููููุง. ุงููุจุงุจ ูุงู ุฌูุฏ ุจุดูู ุนุงู.,#ุชุฌุฑุจุฉ #ุฃูู #ูุทุงุนู #ุนุดุงุก #ุญูุงู #ุชูุตูู #ุฃุจูุธุจู,8,3,0,ูุง,ูุง,ุงูุนุฑุจูุฉ,ุฏุงุฎู ุงููุทุนู,ุงูุชูุตูู,ูุญุงูุฏ,ูุตู ูู ุงูููุช ุงููุชููุน,3,3,3,3,3,3,Android
XT25101841496,2025-10-18,05:45:00,ุฃุจู_ุนูู,ุฌุฏุฉ,ุฃุจูุธุจู-ุงูููุฑููุด,ุงูุชุจุงุณ,ุงูุฎุฏูุฉ ุทุจูุนูุฉ ูุงููุธุงูุฉ ุฌูุฏุฉุ ุงููุจุงุจ ูุญุชุงุฌ ุชุญุณูู ุจุณูุท. ๐คทโโ๏ธ,#ุชุฌุฑุจุฉ #ุฃูู #ุชูุตูู #ุงูุทูุจ,26,4,3,ูุนู,ูุง,ุงูุนุฑุจูุฉ,ุณูุฑู,ุงูุชูุตูู,ูุญุงูุฏ,ูุตู ูู ุงูููุช ุงููุชููุน,3,3,3,3,3,3,Android
XT25101398063,2025-10-13,19:46:00,ุฎุงูุฏ,ุฃุจูุง,ุงูุฏูุงู-ุงูุดุงุทุฆ,ุฑุฏ,ุฌูุณุงุช ูุฒุนุฌุฉ ูุตูุช ุนุงููุ ูุงูููุชููุดููู ูุงูุญ ุฃูุซุฑ ูู ุงููุงุฒู ูู ูุทุนู ุงูุทูุจ. ๐ฏ,#ุชุฌุฑุจุฉ #ุฃุจูุง #ุญูุงู #ุชูููู #ุงูุฃุณุนุงุฑ,58,7,4,ูุง,ูุง,ุงูุนุฑุจูุฉ,ุณูุฑู,ุงูุฃุณุนุงุฑ,ุณูุจู,ุงูุณุนุฑ ูุฑุชูุน ููุงุฑูุฉ ุจุงูุฌูุฏุฉ,1,2,1,1,2,1,ููุจ
XT25103099220,2025-10-30,12:30:00,ุนุจุฏุงููู,ููุฉ,ุงูุฏูุงู-ุงูุดุงุทุฆ,ุฑุฏ,ุงููุธุงูุฉ ุชุญุชุงุฌ ุชุญุณูู ูู ูุทุนู ุงูุทูุจุ ูุงูุทุนู ุนุงุฏู ุฌุฏูุง. ุงูุณูู ุงููุดูู ุฎูุจ ุงูุธู. ๐คทโโ๏ธ,#ูุทุนู_ุงูุทูุจ #ููุฉ #ูุทุงุนู #ุญูุงู #ุงูุฃุณุนุงุฑ #ุงูุทูุจ,13,1,2,ูุง,ูุง,ุงูุนุฑุจูุฉ,ุณูุฑู,ุงูุฃุณุนุงุฑ,ุณูุจู,ุงูุณุนุฑ ูุฑุชูุน ููุงุฑูุฉ ุจุงูุฌูุฏุฉ,2,1,2,1,1,2,Android
XT25101821539,2025-10-18,15:48:00,ููุง,ุงูุดุงุฑูุฉ,ุงูุฏูุงู-ุงูุดุงุทุฆ,ุฑุฏ,ุงูุฃุณุนุงุฑ ููุงุณุจุฉ ููุงุจู ุงูุฌูุฏุฉ ูู ูุทุนู ุงูุทูุจ. ุฎุตูุตูุง ุงูุณูู ุงููุดูู ๐ ๐,#ุชุฌุฑุจุฉ #ุฃูู #ุบุฏุงุก #ูุทุงุนู #ุงูุดุงุฑูุฉ #ุญูุงู #ุฎุฏูุฉ,73,13,5,ูุนู,ูุง,ุงูุนุฑุจูุฉ,ุฏุงุฎู ุงููุทุนู,ุงูุฎุฏูุฉ,ุฅูุฌุงุจู,ุชุนุงูู ูุญุชุฑู ูุณุฑุนุฉ ูู ุงูุงุณุชุฌุงุจุฉ,5,4,5,4,4,4,ููุจ
XT25102015992,2025-10-20,13:06:00,ูุญูุฏ,ุงูุฏูุญุฉ,ุฌุฏุฉ-ุงูุฑูุถุฉ,ุฑุฏ,ุงูุฃุณุนุงุฑ ููุงุณุจุฉ ููุงุจู ุงูุฌูุฏุฉ ูู ูุทุนู ุงูุทูุจ. ุฎุตูุตูุง ุงูุดุงูุฑูุง ๐,#ุชุฌุฑุจุฉ #ุฃูู #ุบุฏุงุก #ุงูุฏูุญุฉ #ุฎุฏูุฉ #ุงูุทูุจ,41,4,1,ูุนู,ูุง,ุงูุนุฑุจูุฉ,ุณูุฑู,ุงูุฎุฏูุฉ,ุฅูุฌุงุจู,ุชุนุงูู ูุญุชุฑู ูุณุฑุนุฉ ูู ุงูุงุณุชุฌุงุจุฉ,4,4,5,4,4,4,ููุจ
XT25100880088,2025-10-08,20:45:00,ุนุงููุฉ,ุงูุฏูุงู,ุงูุฑูุงุถ-ุงูููุฒ,ุงูุชุจุงุณ,ุฎุฏูุฉ ุฑุงููุฉ ูุงุจุชุณุงูุฉ ูู ุงูููุธููู ูู ูุทุนู ุงูุทูุจ. ุงููุจุณุฉ ูุงู ููุชุงุฒ ๐,#ุฃูู #ุฎุฏูุฉ #ุญูุงู #ุงูุทูุจ,67,13,4,ูุง,ูุง,ุงูุนุฑุจูุฉ,ุฏุงุฎู ุงููุทุนู,ุงูุฎุฏูุฉ,ุฅูุฌุงุจู,ุชุนุงูู ูุญุชุฑู ูุณุฑุนุฉ ูู ุงูุงุณุชุฌุงุจุฉ,5,5,5,4,5,5,ููุจ
XT25110390962,2025-11-03,17:39:00,Bassam_A,ุงูุฏูุงู,ุฌุฏุฉ-ุงูุฑูุถุฉ,ุชุบุฑูุฏุฉ,ุทูุจุช ุงููุจุณุฉ ูู ูุทุนู ุงูุทูุจ. ุงูุชูุตูู ูู ุงูููุชุ ูุงูุทุนู ููุจูู. ๐,#ุชุฌุฑุจุฉ #ุฎุฏูุฉ #ุงูุฏูุงู #ุงูุทูุจ,20,2,0,ูุง,ูุนู,ุงูุนุฑุจูุฉ,ุชูุตูู,ุงูุฎุฏูุฉ,ูุญุงูุฏ,ุฎุฏูุฉ ุนุงุฏูุฉ,3,3,3,3,3,3,iPhone
XT25110111671,2025-11-01,15:44:00,ููุฑุฉ,ุงููุฏููุฉ,ุงูุฑูุงุถ-ุงูููุฒ,ุงูุชุจุงุณ,ุฃุฌูุงุก ูุงุฏุฆุฉ ูุฃูู ููุชุญ ุงูููุณ ูู ูุทุนู ุงูุทูุจ. ุฃูุตุญ ุจู ุงูููุชููุดููู ๐ ๐ฅ,#ุชุฌุฑุจุฉ #ุฃุฌูุงุก #ุงููุฏููุฉ #ุนุดุงุก #ูุทุนู_ุงูุทูุจ #ุงูุทูุจ,78,3,6,ูุนู,ูุง,ุงูุนุฑุจูุฉ,ุณูุฑู,ุงูุฌู ุงูุนุงู,ุฅูุฌุงุจู,ุฃุฌูุงุก ูุฑูุญุฉ ูููุณููู ูุงุฏุฆุฉ,4,5,5,5,5,4,iPhone
XT25102128139,2025-10-21,22:47:00,ุชุฑูู,ุงูุฏูุงู,ุฌุฏุฉ-ุงูุฑูุถุฉ,ุฑุฏ,ุทูุจุช ุงููุจุงุจ ูู ูุทุนู ุงูุทูุจ. ุงูุชูุตูู ูู ุงูููุชุ ูุงูุทุนู ููุจูู.,#ุฃูู #ุฌูุฏุฉ_ุงูุทุนุงู #ุนุดุงุก #ุญูุงู #ูุทุนู_ุงูุทูุจ #ุงูุฏูุงู,5,1,2,ูุนู,ูุง,ุงูุนุฑุจูุฉ,ุฏุงุฎู ุงููุทุนู,ุงูุทุนุงู,ูุญุงูุฏ,ุทุนู ููุจูู ุจูุง ุชููุฒ,3,3,3,3,3,3,Android
XT25103117686,2025-10-31,22:41:00,ุชุฑูู,ุฃุจูุง,ุงูุฑูุงุถ-ุงูููุฒ,ุฑุฏ,ูุทุนู ุงูุทูุจ ุชูููู ุงูููู! ุงูุทุนู ููุชุงุฒ ูุงููุธุงูุฉ ูุงุถุญุฉ. ุงููุจุงุจ ๐ฅ,#ุชุฌุฑุจุฉ #ุฃุจูุง #ุบุฏุงุก #ูุทุงุนู #ุนุดุงุก #ุญูุงู #ุงูุฃุณุนุงุฑ,80,15,12,ูุนู,ูุง,ุงูุนุฑุจูุฉ,ุณูุฑู,ุงูุฃุณุนุงุฑ,ุฅูุฌุงุจู,ูููุฉ ุฑุงุฆุนุฉ ููุงุจู ุงูุณุนุฑ,4,4,5,5,4,5,Android
XT25110491033,2025-11-04,08:36:00,Bassam_A,ุงูุฑูุงุถ,ุฌุฏุฉ-ุงูุณูุงูุฉ,ุงูุชุจุงุณ,ุงูุฃุณุนุงุฑ ููุงุณุจุฉ ููุงุจู ุงูุฌูุฏุฉ ูู ูุทุนู ุงูุทูุจ. ุฎุตูุตูุง ุงููุจุงุจ ๐ โญ,#ุชุฌุฑุจุฉ #ุบุฏุงุก #ุฌูุฏุฉ_ุงูุทุนุงู #ูุทุงุนู #ุชูููู #ุงูุฑูุงุถ,70,10,9,ูุนู,ูุง,ุงูุนุฑุจูุฉ,ุชูุตูู,ุงูุทุนุงู,ุฅูุฌุงุจู,ุงูุทุนู ููุชุงุฒ ูุชุชุจููุฉ ูุชูุงุฒูุฉ,4,4,4,5,5,4,iPhone
XT25100568220,2025-10-05,01:14:00,ูุงุฏุฑ,ุชุจูู,ุฌุฏุฉ-ุงูุณูุงูุฉ,ุชุบุฑูุฏุฉ,ุงููุธุงูุฉ ุชุญุชุงุฌ ุชุญุณูู ูู ูุทุนู ุงูุทูุจุ ูุงูุทุนู ุนุงุฏู ุฌุฏูุง. ุงูุดุงูุฑูุง ุฎูุจ ุงูุธู.,#ุชุฌุฑุจุฉ #ุชูููู #ูุทุนู_ุงูุทูุจ #ุชูุตูู,46,4,2,ูุง,ูุนู,ุงูุนุฑุจูุฉ,ุฏุงุฎู ุงููุทุนู,ุงูุชูุตูู,ุณูุจู,ุชุฃุฎุฑ ุงูุชูุตูู ูุงูุทูุจ ูุงูุต,1,2,2,1,1,1,ููุจ
XT25103091232,2025-10-30,19:23:00,ุนุงููุฉ,ุฃุจูุธุจู,ุฌุฏุฉ-ุงูุณูุงูุฉ,ุงูุชุจุงุณ,ุชุทุจูู ุงูุชูุตูู ูุฎุจุท ุงูุทูุจ ูู ูุทุนู ุงูุทูุจุ ููุญุฏ ุฑุฏ ุนูู ุงูุงุชุตุงูุงุช ๐ก,#ุชุฌุฑุจุฉ #ุฃูู #ุบุฏุงุก #ุฃุฌูุงุก #ูุทุนู_ุงูุทูุจ #ุฃุจูุธุจู,10,2,1,ูุนู,ูุง,ุงูุนุฑุจูุฉ,ุฏุงุฎู ุงููุทุนู,ุงูุฌู ุงูุนุงู,ุณูุจู,ุฅุฒุนุงุฌ ูุฒุญูุฉ ุจุฏูู ุชูุธูู,2,2,2,2,1,1,iPhone
XT25101354293,2025-10-13,12:59:00,Bassam_A,ุชุจูู,ุฃุจูุธุจู-ุงูููุฑููุด,ุฑุฏ,ููุฃุณู ุงูุชุฌุฑุจุฉ ุณูุฆุฉ ุงูููู ูู ูุทุนู ุงูุทูุจ. ุชุฃุฎูุฑ ูุจูุฑ ูุงูุทูุจ ูุตู ุจุงุฑุฏ ๐ ๐คทโโ๏ธ,#ุฎุฏูุฉ #ุงูุทูุจ #ูุทุงุนู,42,2,2,ูุง,ูุนู,ุงูุนุฑุจูุฉ,ุชูุตูู,ุงูุฎุฏูุฉ,ุณูุจู,ุชุฃุฎูุฑ ูุงุถุญ ูุนุฏู ุงูุชูุงู,1,2,1,1,2,2,ููุจ
XT25100989822,2025-10-09,12:24:00,ูุงุณุฑ,ุงูุฏูุงู,ุฌุฏุฉ-ุงูุฑูุถุฉ,ุฑุฏ,ุฃูู ุฒูุงุฑุฉ ูู ูุทุนู ุงูุทูุจ ููุงูุช ููู ุงูุชููุนุงุช. ุงูููุณู ูุณุชุงูู ุงูุชุฌุฑุจุฉ ๐,#ุบุฏุงุก #ุฃุฌูุงุก #ุนุดุงุก #ุงูุฏูุงู #ุงูุทูุจ,63,5,0,ูุง,ูุง,ุงูุนุฑุจูุฉ,ุชูุตูู,ุงูุฌู ุงูุนุงู,ุฅูุฌุงุจู,ุฃุฌูุงุก ูุฑูุญุฉ ูููุณููู ูุงุฏุฆุฉ,5,5,4,4,4,5,ููุจ
XT25101386389,2025-10-13,01:34:00,ูุงุฏุฑ,ุงููุฏููุฉ,ุฏุจู-ุงูุฎูุฑ,ุงูุชุจุงุณ,ุงูุฃุณุนุงุฑ ููุงุณุจุฉ ููุงุจู ุงูุฌูุฏุฉ ูู ูุทุนู ุงูุทูุจ. ุฎุตูุตูุง ุงูููุจูุงุช ุงููุดููุฉ ๐,#ุบุฏุงุก #ุนุดุงุก #ุฃุฌูุงุก #ูุทุงุนู,67,5,7,ูุง,ูุง,ุงูุนุฑุจูุฉ,ุฏุงุฎู ุงููุทุนู,ุงูุฌู ุงูุนุงู,ุฅูุฌุงุจู,ุฃุฌูุงุก ูุฑูุญุฉ ูููุณููู ูุงุฏุฆุฉ,5,4,4,4,4,5,iPhone
